Timestamp,Building_ID,Energy_Consumption_kWh,Power_Demand_kW,HVAC_Usage_kWh,Lighting_Usage_kWh,Water_Consumption_L,Temperature_C,Humidity_Percent,Occupancy_Count,Hour,Day,Day_of_Week,Working_Hours
2026-01-01 00:00:00,BLDG_B,4.69,18.77,1.69,0.56,6.14,22.6,67.8,3,0,1,3,0
2026-01-01 00:15:00,BLDG_B,5.32,21.3,2.06,0.89,7.39,21.83,67.52,7,0,1,3,0
2026-01-01 00:30:00,BLDG_B,5.71,22.82,2.0,0.83,9.87,22.78,63.51,8,0,1,3,0
2026-01-01 00:45:00,BLDG_C,4.28,17.1,1.01,0.92,7.36,23.83,59.82,0,0,1,3,0
2026-01-01 01:00:00,BLDG_B,5.26,21.02,2.2,0.37,10.25,21.72,67.02,3,1,1,3,0
2026-01-01 01:15:00,BLDG_C,5.22,20.89,1.84,0.84,9.55,21.72,66.1,3,1,1,3,0
2026-01-01 01:30:00,BLDG_A,4.88,19.53,1.99,0.3,8.5,23.9,64.34,1,1,1,3,0
2026-01-01 01:45:00,BLDG_A,5.4,21.62,1.56,0.76,6.85,22.92,65.02,5,1,1,3,0
2026-01-01 02:00:00,BLDG_C,5.1,20.4,1.45,0.96,8.49,21.44,68.49,2,2,1,3,0
2026-01-01 02:15:00,BLDG_B,6.25,25.0,2.44,1.06,9.21,22.65,61.92,6,2,1,3,0
2026-01-01 02:30:00,BLDG_A,11.38,45.51,2.55,0.88,9.32,21.44,69.29,4,2,1,3,0
2026-01-01 02:45:00,BLDG_B,5.98,23.93,2.21,0.97,7.8,21.44,65.93,3,2,1,3,0
2026-01-01 03:00:00,BLDG_B,4.64,18.58,1.09,0.73,9.93,22.29,70.29,4,3,1,3,0
2026-01-01 03:15:00,BLDG_C,5.69,22.77,2.24,0.67,8.85,19.7,65.88,7,3,1,3,0
2026-01-01 03:30:00,BLDG_A,4.85,19.41,1.1,1.47,9.3,19.93,72.81,2,3,1,3,0
2026-01-01 03:45:00,BLDG_A,5.16,20.66,1.67,1.01,10.91,21.33,66.11,6,3,1,3,0
2026-01-01 04:00:00,BLDG_C,5.99,23.96,2.43,0.51,8.03,20.78,64.37,5,4,1,3,0
2026-01-01 04:15:00,BLDG_B,5.09,20.34,2.33,0.37,6.46,22.38,62.48,0,4,1,3,0
2026-01-01 04:30:00,BLDG_B,6.04,24.15,2.23,0.68,10.27,20.91,65.17,6,4,1,3,0
2026-01-01 04:45:00,BLDG_A,6.19,24.76,2.66,1.1,6.68,20.31,68.31,6,4,1,3,0
2026-01-01 05:00:00,BLDG_C,5.79,23.16,2.28,0.81,10.22,23.76,63.43,0,5,1,3,0
2026-01-01 05:15:00,BLDG_C,3.88,15.52,0.99,0.3,9.78,21.73,63.19,8,5,1,3,0
2026-01-01 05:30:00,BLDG_B,4.95,19.8,1.82,0.76,8.87,22.08,64.31,5,5,1,3,0
2026-01-01 05:45:00,BLDG_B,5.17,20.68,1.98,0.8,9.31,20.29,73.49,1,5,1,3,0
2026-01-01 06:00:00,BLDG_C,7.8,31.21,3.92,1.4,13.15,21.35,70.66,19,6,1,3,0
2026-01-01 06:15:00,BLDG_A,8.45,33.82,3.69,2.01,14.17,22.13,65.61,28,6,1,3,0
2026-01-01 06:30:00,BLDG_B,8.22,32.88,3.48,1.75,14.82,20.62,66.69,23,6,1,3,0
2026-01-01 06:45:00,BLDG_C,9.43,37.73,5.2,1.54,11.06,22.45,64.18,20,6,1,3,0
2026-01-01 07:00:00,BLDG_C,8.87,35.5,3.81,2.4,11.84,21.28,67.42,11,7,1,3,0
2026-01-01 07:15:00,BLDG_C,9.95,39.81,5.18,1.74,11.78,22.11,61.27,27,7,1,3,0
2026-01-01 07:30:00,BLDG_A,7.96,31.85,3.43,1.83,12.54,22.19,63.44,16,7,1,3,0
2026-01-01 07:45:00,BLDG_B,9.23,36.92,4.88,1.83,11.96,25.59,54.11,21,7,1,3,0
2026-01-01 08:00:00,BLDG_B,12.68,50.71,6.61,3.6,17.48,23.8,63.0,55,8,1,3,0
2026-01-01 08:15:00,BLDG_B,13.26,53.06,6.04,4.04,20.17,22.98,64.97,53,8,1,3,0
2026-01-01 08:30:00,BLDG_A,12.96,51.83,6.85,3.3,27.07,25.67,57.55,87,8,1,3,0
2026-01-01 08:45:00,BLDG_B,12.59,50.36,6.49,3.52,16.57,23.63,66.78,53,8,1,3,0
2026-01-01 09:00:00,BLDG_B,12.98,51.91,6.69,3.63,23.79,25.75,55.2,91,9,1,3,1
2026-01-01 09:15:00,BLDG_B,12.93,51.72,6.37,3.38,20.68,23.54,57.8,59,9,1,3,1
2026-01-01 09:30:00,BLDG_B,11.78,47.13,5.55,3.52,25.54,24.67,61.17,65,9,1,3,1
2026-01-01 09:45:00,BLDG_A,14.82,59.29,7.85,3.75,28.22,26.85,60.36,89,9,1,3,1
2026-01-01 10:00:00,BLDG_C,14.59,58.34,8.46,3.41,19.2,27.84,60.8,57,10,1,3,1
2026-01-01 10:15:00,BLDG_C,13.96,55.86,7.94,3.52,24.68,27.47,54.92,66,10,1,3,1
2026-01-01 10:30:00,BLDG_B,15.18,60.73,8.83,3.49,30.93,27.41,59.61,96,10,1,3,1
2026-01-01 10:45:00,BLDG_B,14.42,57.68,8.05,3.57,20.22,27.46,56.2,44,10,1,3,1
2026-01-01 11:00:00,BLDG_B,14.43,57.72,7.87,3.66,28.73,26.29,57.55,88,11,1,3,1
2026-01-01 11:15:00,BLDG_A,14.95,59.8,8.31,3.75,28.69,27.41,59.03,86,11,1,3,1
2026-01-01 11:30:00,BLDG_B,13.3,53.21,6.49,4.08,21.34,27.91,57.59,54,11,1,3,1
2026-01-01 11:45:00,BLDG_A,14.3,57.2,8.78,2.94,21.56,29.9,47.93,66,11,1,3,1
2026-01-01 12:00:00,BLDG_B,13.91,55.64,7.62,3.56,15.29,29.17,58.17,48,12,1,3,1
2026-01-01 12:15:00,BLDG_B,13.17,52.7,6.87,3.26,25.44,26.75,61.52,84,12,1,3,1
2026-01-01 12:30:00,BLDG_C,13.78,55.14,7.86,3.5,23.85,29.33,51.63,62,12,1,3,1
2026-01-01 12:45:00,BLDG_B,15.03,60.13,7.93,3.82,26.38,28.52,55.9,87,12,1,3,1
2026-01-01 13:00:00,BLDG_A,13.89,55.55,8.29,3.9,20.47,28.19,56.7,58,13,1,3,1
2026-01-01 13:15:00,BLDG_C,15.42,61.69,8.72,3.91,17.99,29.72,53.7,56,13,1,3,1
2026-01-01 13:30:00,BLDG_A,15.52,62.08,8.66,3.91,20.98,30.18,50.58,64,13,1,3,1
2026-01-01 13:45:00,BLDG_C,15.27,61.08,8.96,3.56,29.32,29.98,50.51,97,13,1,3,1
2026-01-01 14:00:00,BLDG_A,14.28,57.11,8.21,3.95,17.35,27.75,55.79,38,14,1,3,1
2026-01-01 14:15:00,BLDG_C,15.09,60.38,8.21,4.0,27.54,28.26,58.63,93,14,1,3,1
2026-01-01 14:30:00,BLDG_A,13.77,55.07,7.34,3.63,16.18,28.86,55.83,42,14,1,3,1
2026-01-01 14:45:00,BLDG_A,14.38,57.54,8.04,3.89,19.8,29.45,52.22,46,14,1,3,1
2026-01-01 15:00:00,BLDG_B,13.94,55.76,7.73,3.61,22.95,27.49,58.58,65,15,1,3,1
2026-01-01 15:15:00,BLDG_C,15.23,60.9,8.13,3.95,23.86,27.6,47.56,68,15,1,3,1
2026-01-01 15:30:00,BLDG_C,13.15,52.6,6.61,3.56,29.32,26.23,61.61,83,15,1,3,1
2026-01-01 15:45:00,BLDG_B,13.03,52.14,7.13,3.45,27.01,25.83,53.54,91,15,1,3,1
2026-01-01 16:00:00,BLDG_A,13.36,53.45,7.09,3.32,21.1,27.92,54.53,60,16,1,3,1
2026-01-01 16:15:00,BLDG_A,14.58,58.33,8.5,3.56,20.54,28.24,51.78,52,16,1,3,1
2026-01-01 16:30:00,BLDG_C,22.93,91.71,7.38,3.62,22.1,26.17,54.35,72,16,1,3,1
2026-01-01 16:45:00,BLDG_A,13.24,52.95,6.91,3.36,26.94,27.09,60.34,84,16,1,3,1
2026-01-01 17:00:00,BLDG_C,12.83,51.31,6.5,3.54,17.28,25.93,57.2,42,17,1,3,1
2026-01-01 17:15:00,BLDG_C,23.18,92.7,6.81,3.47,30.05,24.32,62.06,75,17,1,3,1
2026-01-01 17:30:00,BLDG_A,13.51,54.04,7.58,3.33,17.0,25.11,59.69,40,17,1,3,1
2026-01-01 17:45:00,BLDG_A,13.38,53.52,6.69,3.86,27.47,26.1,59.79,78,17,1,3,1
2026-01-01 18:00:00,BLDG_A,9.21,36.84,4.39,2.3,16.48,23.77,62.08,31,18,1,3,1
2026-01-01 18:15:00,BLDG_B,9.37,37.48,4.16,2.26,8.11,25.24,55.79,11,18,1,3,1
2026-01-01 18:30:00,BLDG_C,8.6,34.4,4.41,1.98,11.94,19.77,70.83,32,18,1,3,1
2026-01-01 18:45:00,BLDG_A,8.96,35.83,4.34,1.99,12.89,23.44,60.85,20,18,1,3,1
2026-01-01 19:00:00,BLDG_B,8.11,32.43,4.08,1.73,15.57,22.1,59.67,23,19,1,3,0
2026-01-01 19:15:00,BLDG_A,8.14,32.57,3.08,2.1,11.66,21.64,63.75,14,19,1,3,0
2026-01-01 19:30:00,BLDG_C,8.98,35.93,4.34,2.04,11.46,22.11,68.84,15,19,1,3,0
2026-01-01 19:45:00,BLDG_B,9.32,37.28,4.25,2.71,11.61,19.61,70.63,19,19,1,3,0
2026-01-01 20:00:00,BLDG_C,9.32,37.28,4.21,2.27,9.09,21.74,63.85,17,20,1,3,0
2026-01-01 20:15:00,BLDG_A,8.16,32.62,4.1,2.08,11.14,22.43,62.81,23,20,1,3,0
2026-01-01 20:30:00,BLDG_A,8.31,33.26,3.56,1.99,12.02,23.77,60.87,33,20,1,3,0
2026-01-01 20:45:00,BLDG_A,9.76,39.05,4.54,2.25,8.43,21.38,71.66,12,20,1,3,0
2026-01-01 21:00:00,BLDG_B,5.69,22.75,2.45,0.57,7.61,21.03,67.1,3,21,1,3,0
2026-01-01 21:15:00,BLDG_B,5.05,20.21,1.46,1.08,10.43,21.4,66.69,4,21,1,3,0
2026-01-01 21:30:00,BLDG_B,5.44,21.74,2.66,0.53,8.21,23.1,65.94,5,21,1,3,0
2026-01-01 21:45:00,BLDG_B,5.68,22.74,2.07,0.66,8.95,22.39,64.62,2,21,1,3,0
2026-01-01 22:00:00,BLDG_A,7.51,30.03,2.06,0.34,9.81,21.36,64.68,7,22,1,3,0
2026-01-01 22:15:00,BLDG_A,5.32,21.27,1.91,0.95,9.66,22.62,62.99,3,22,1,3,0
2026-01-01 22:30:00,BLDG_A,5.25,21.0,1.96,0.86,7.47,22.12,64.11,7,22,1,3,0
2026-01-01 22:45:00,BLDG_B,6.38,25.53,2.69,0.66,12.1,23.16,62.64,9,22,1,3,0
2026-01-01 23:00:00,BLDG_B,5.85,23.4,2.52,0.57,7.17,21.16,67.95,9,23,1,3,0
2026-01-01 23:15:00,BLDG_A,5.73,22.91,2.51,1.14,7.54,21.61,65.25,2,23,1,3,0
2026-01-01 23:30:00,BLDG_A,5.45,21.8,2.09,0.77,9.94,21.53,67.4,9,23,1,3,0
2026-01-01 23:45:00,BLDG_B,5.65,22.58,2.44,0.61,10.84,20.24,66.89,6,23,1,3,0
2026-01-02 00:00:00,BLDG_C,5.63,22.5,1.58,1.28,12.52,22.36,64.2,8,0,2,4,0
2026-01-02 00:15:00,BLDG_A,5.58,22.33,2.29,0.64,10.2,22.31,58.04,3,0,2,4,0
2026-01-02 00:30:00,BLDG_A,5.54,22.16,1.92,1.08,12.37,22.01,67.24,7,0,2,4,0
2026-01-02 00:45:00,BLDG_A,4.14,16.55,0.97,0.51,6.78,21.72,65.96,2,0,2,4,0
2026-01-02 01:00:00,BLDG_B,4.46,17.84,1.21,0.71,11.7,20.3,70.04,6,1,2,4,0
2026-01-02 01:15:00,BLDG_A,6.28,25.1,1.67,0.93,10.48,21.5,56.57,2,1,2,4,0
2026-01-02 01:30:00,BLDG_A,5.6,22.39,2.21,0.79,4.53,21.59,71.38,6,1,2,4,0
2026-01-02 01:45:00,BLDG_A,5.17,20.67,1.67,0.86,9.54,21.04,65.53,9,1,2,4,0
2026-01-02 02:00:00,BLDG_A,5.59,22.36,1.7,0.67,11.18,21.81,68.11,9,2,2,4,0
2026-01-02 02:15:00,BLDG_A,4.99,19.98,2.38,0.4,8.07,22.48,60.65,5,2,2,4,0
2026-01-02 02:30:00,BLDG_C,5.54,22.16,1.81,1.17,6.05,24.26,62.94,1,2,2,4,0
2026-01-02 02:45:00,BLDG_C,5.75,23.0,2.67,0.68,12.67,22.21,61.03,2,2,2,4,0
2026-01-02 03:00:00,BLDG_A,6.29,25.14,2.58,0.87,9.32,22.31,62.17,5,3,2,4,0
2026-01-02 03:15:00,BLDG_A,5.47,21.89,2.01,0.98,8.94,21.91,70.38,3,3,2,4,0
2026-01-02 03:30:00,BLDG_A,6.03,24.1,2.38,0.88,6.48,19.7,67.38,5,3,2,4,0
2026-01-02 03:45:00,BLDG_A,5.69,22.74,2.31,0.62,6.78,21.97,65.2,0,3,2,4,0
2026-01-02 04:00:00,BLDG_B,5.82,23.3,1.88,1.09,8.18,22.07,67.0,9,4,2,4,0
2026-01-02 04:15:00,BLDG_B,6.5,26.01,2.77,0.93,10.16,24.96,61.55,0,4,2,4,0
2026-01-02 04:30:00,BLDG_B,5.93,23.71,2.5,0.85,9.45,21.77,65.3,2,4,2,4,0
2026-01-02 04:45:00,BLDG_C,4.57,18.3,1.52,0.84,8.4,22.36,65.05,7,4,2,4,0
2026-01-02 05:00:00,BLDG_A,6.26,25.04,2.08,1.22,10.66,21.96,71.77,7,5,2,4,0
2026-01-02 05:15:00,BLDG_B,5.73,22.93,2.07,0.62,8.15,20.6,66.43,3,5,2,4,0
2026-01-02 05:30:00,BLDG_A,5.69,22.76,2.42,0.9,9.57,23.37,63.05,5,5,2,4,0
2026-01-02 05:45:00,BLDG_A,5.32,21.27,1.78,0.67,10.0,22.9,66.3,7,5,2,4,0
2026-01-02 06:00:00,BLDG_C,7.59,30.35,3.7,1.52,14.78,22.95,66.39,27,6,2,4,0
2026-01-02 06:15:00,BLDG_C,8.36,33.43,4.08,1.51,13.44,20.91,69.7,22,6,2,4,0
2026-01-02 06:30:00,BLDG_B,9.17,36.7,4.59,1.75,14.34,23.68,63.89,25,6,2,4,0
2026-01-02 06:45:00,BLDG_B,7.82,31.3,3.4,1.84,14.47,20.32,63.59,18,6,2,4,0
2026-01-02 07:00:00,BLDG_C,8.77,35.07,3.49,2.54,13.9,22.7,68.34,21,7,2,4,0
2026-01-02 07:15:00,BLDG_C,9.23,36.91,4.12,2.17,11.95,25.09,56.43,21,7,2,4,0
2026-01-02 07:30:00,BLDG_A,13.1,52.4,3.83,2.2,11.1,21.73,65.82,15,7,2,4,0
2026-01-02 07:45:00,BLDG_A,7.5,30.02,3.12,1.84,16.62,22.69,61.21,28,7,2,4,0
2026-01-02 08:00:00,BLDG_B,13.26,53.04,7.25,3.62,17.46,23.93,61.41,42,8,2,4,0
2026-01-02 08:15:00,BLDG_B,13.24,52.95,6.43,4.18,16.27,23.65,63.02,41,8,2,4,0
2026-01-02 08:30:00,BLDG_C,12.14,48.54,6.36,3.3,22.14,22.82,64.24,70,8,2,4,0
2026-01-02 08:45:00,BLDG_B,14.12,56.5,7.72,3.71,19.99,25.18,61.0,52,8,2,4,0
2026-01-02 09:00:00,BLDG_A,13.52,54.07,6.94,4.0,14.43,24.23,66.0,37,9,2,4,1
2026-01-02 09:15:00,BLDG_C,14.04,56.15,7.09,3.84,24.21,26.46,59.17,62,9,2,4,1
2026-01-02 09:30:00,BLDG_A,13.91,55.63,6.99,4.05,23.08,25.16,59.03,78,9,2,4,1
2026-01-02 09:45:00,BLDG_C,15.31,61.23,8.05,3.65,23.06,28.48,57.68,55,9,2,4,1
2026-01-02 10:00:00,BLDG_C,13.89,55.56,7.93,3.75,21.07,26.01,62.05,62,10,2,4,1
2026-01-02 10:15:00,BLDG_A,23.33,93.32,7.42,3.63,25.21,26.88,53.5,88,10,2,4,1
2026-01-02 10:30:00,BLDG_B,13.88,55.51,7.36,3.73,27.74,28.53,56.5,88,10,2,4,1
2026-01-02 10:45:00,BLDG_B,12.38,49.54,6.38,3.37,27.87,26.34,60.09,99,10,2,4,1
2026-01-02 11:00:00,BLDG_B,15.35,61.39,8.75,3.8,20.17,28.34,54.1,55,11,2,4,1
2026-01-02 11:15:00,BLDG_B,14.55,58.21,8.15,3.67,17.18,29.85,56.86,47,11,2,4,1
2026-01-02 11:30:00,BLDG_A,14.61,58.44,7.72,3.62,29.91,26.54,57.24,91,11,2,4,1
2026-01-02 11:45:00,BLDG_C,15.2,60.78,8.23,4.04,26.53,28.85,54.6,83,11,2,4,1
2026-01-02 12:00:00,BLDG_A,14.27,57.07,8.07,3.53,24.98,29.07,53.37,88,12,2,4,1
2026-01-02 12:15:00,BLDG_B,15.15,60.6,8.4,3.9,16.49,29.8,52.84,44,12,2,4,1
2026-01-02 12:30:00,BLDG_B,15.29,61.15,8.5,3.93,28.55,27.46,53.03,87,12,2,4,1
2026-01-02 12:45:00,BLDG_A,13.36,53.43,6.97,3.81,27.73,27.4,52.08,78,12,2,4,1
2026-01-02 13:00:00,BLDG_C,14.45,57.78,8.28,3.36,25.73,29.63,57.84,81,13,2,4,1
2026-01-02 13:15:00,BLDG_A,15.46,61.83,8.82,3.69,25.05,29.34,50.95,87,13,2,4,1
2026-01-02 13:30:00,BLDG_A,14.72,58.88,7.69,4.09,27.71,29.24,50.66,80,13,2,4,1
2026-01-02 13:45:00,BLDG_A,15.05,60.19,9.01,3.15,19.74,29.28,47.12,47,13,2,4,1
2026-01-02 14:00:00,BLDG_C,14.62,58.46,8.33,3.55,26.23,27.95,53.66,71,14,2,4,1
2026-01-02 14:15:00,BLDG_A,15.16,60.64,8.35,3.89,21.34,28.91,50.17,58,14,2,4,1
2026-01-02 14:30:00,BLDG_A,14.27,57.06,7.94,3.57,14.88,28.82,59.2,36,14,2,4,1
2026-01-02 14:45:00,BLDG_B,13.63,54.51,6.99,3.8,19.59,27.42,59.4,48,14,2,4,1
2026-01-02 15:00:00,BLDG_A,15.8,63.18,9.06,3.95,18.33,30.3,49.98,44,15,2,4,1
2026-01-02 15:15:00,BLDG_B,16.55,66.21,9.41,3.66,22.03,28.39,61.67,69,15,2,4,1
2026-01-02 15:30:00,BLDG_B,14.2,56.79,7.32,3.73,21.38,26.12,61.26,59,15,2,4,1
2026-01-02 15:45:00,BLDG_B,25.28,101.12,7.0,3.62,15.75,28.05,54.45,37,15,2,4,1
2026-01-02 16:00:00,BLDG_C,13.6,54.39,7.35,3.67,20.71,25.78,51.33,51,16,2,4,1
2026-01-02 16:15:00,BLDG_B,15.0,60.0,8.18,4.13,19.1,27.56,63.03,46,16,2,4,1
2026-01-02 16:30:00,BLDG_A,23.88,95.5,7.32,3.58,25.26,27.65,51.85,88,16,2,4,1
2026-01-02 16:45:00,BLDG_A,12.61,50.45,6.49,3.51,18.46,24.9,55.21,58,16,2,4,1
2026-01-02 17:00:00,BLDG_B,13.69,54.77,7.06,3.86,21.68,26.66,60.58,63,17,2,4,1
2026-01-02 17:15:00,BLDG_B,12.99,51.96,6.79,3.39,25.01,25.59,66.43,77,17,2,4,1
2026-01-02 17:30:00,BLDG_A,13.39,53.56,7.0,3.45,22.5,25.67,63.15,59,17,2,4,1
2026-01-02 17:45:00,BLDG_B,13.22,52.86,6.95,3.45,29.71,26.53,59.4,94,17,2,4,1
2026-01-02 18:00:00,BLDG_C,8.09,32.36,3.38,1.94,14.66,23.52,64.01,17,18,2,4,1
2026-01-02 18:15:00,BLDG_B,8.62,34.49,4.09,1.95,14.11,22.46,66.37,32,18,2,4,1
2026-01-02 18:30:00,BLDG_C,9.14,36.55,3.91,2.17,10.69,21.85,67.01,17,18,2,4,1
2026-01-02 18:45:00,BLDG_C,8.19,32.78,3.78,1.91,13.56,21.48,66.13,34,18,2,4,1
2026-01-02 19:00:00,BLDG_C,9.21,36.85,4.04,2.18,12.8,21.91,64.95,15,19,2,4,0
2026-01-02 19:15:00,BLDG_B,12.35,49.41,3.24,2.22,13.1,22.41,63.7,23,19,2,4,0
2026-01-02 19:30:00,BLDG_C,8.32,33.26,4.13,1.84,6.93,22.33,61.74,12,19,2,4,0
2026-01-02 19:45:00,BLDG_C,8.48,33.93,3.79,2.21,12.58,22.99,62.17,19,19,2,4,0
2026-01-02 20:00:00,BLDG_B,8.51,34.03,4.12,2.23,11.17,22.02,59.4,12,20,2,4,0
2026-01-02 20:15:00,BLDG_C,8.58,34.3,4.2,1.56,12.33,23.74,61.59,21,20,2,4,0
2026-01-02 20:30:00,BLDG_B,9.0,36.02,4.57,2.07,14.31,21.68,62.01,26,20,2,4,0
2026-01-02 20:45:00,BLDG_A,8.89,35.56,4.49,1.87,8.64,25.26,56.29,14,20,2,4,0
2026-01-02 21:00:00,BLDG_C,6.58,26.31,2.53,1.13,12.6,22.75,63.91,6,21,2,4,0
2026-01-02 21:15:00,BLDG_B,5.36,21.45,1.84,0.67,8.98,20.97,70.22,1,21,2,4,0
2026-01-02 21:30:00,BLDG_A,4.48,17.93,1.86,0.47,5.55,20.71,69.18,5,21,2,4,0
2026-01-02 21:45:00,BLDG_C,5.47,21.88,1.95,0.79,8.65,22.58,58.92,3,21,2,4,0
2026-01-02 22:00:00,BLDG_C,5.94,23.75,2.39,0.58,8.81,21.73,61.93,0,22,2,4,0
2026-01-02 22:15:00,BLDG_B,5.72,22.89,2.32,1.01,5.77,22.86,66.04,0,22,2,4,0
2026-01-02 22:30:00,BLDG_A,5.47,21.87,2.07,0.6,9.95,22.57,60.7,4,22,2,4,0
2026-01-02 22:45:00,BLDG_B,4.51,18.05,1.39,0.8,11.58,21.91,63.96,1,22,2,4,0
2026-01-02 23:00:00,BLDG_C,6.22,24.88,2.31,1.19,7.37,20.98,67.67,3,23,2,4,0
2026-01-02 23:15:00,BLDG_C,5.32,21.26,1.57,1.07,8.86,20.18,64.32,0,23,2,4,0
2026-01-02 23:30:00,BLDG_C,5.3,21.18,1.54,0.92,9.08,21.46,65.62,3,23,2,4,0
2026-01-02 23:45:00,BLDG_C,5.04,20.18,1.43,0.77,11.04,23.03,58.96,5,23,2,4,0
2026-01-03 00:00:00,BLDG_A,5.09,20.38,1.96,0.9,9.76,22.26,62.31,9,0,3,5,0
2026-01-03 00:15:00,BLDG_A,6.22,24.87,2.61,0.97,6.53,20.51,67.7,3,0,3,5,0
2026-01-03 00:30:00,BLDG_B,5.15,20.61,1.52,0.55,9.81,22.21,59.41,0,0,3,5,0
2026-01-03 00:45:00,BLDG_B,5.81,23.22,2.84,1.01,7.31,22.46,65.13,6,0,3,5,0
2026-01-03 01:00:00,BLDG_B,5.95,23.79,2.45,0.52,11.84,20.94,66.03,1,1,3,5,0
2026-01-03 01:15:00,BLDG_C,5.35,21.42,1.27,0.94,10.88,22.18,65.88,8,1,3,5,0
2026-01-03 01:30:00,BLDG_B,4.5,17.98,1.81,0.52,7.24,22.07,65.07,2,1,3,5,0
2026-01-03 01:45:00,BLDG_A,5.25,20.98,1.48,1.29,11.76,20.63,70.65,7,1,3,5,0
2026-01-03 02:00:00,BLDG_B,6.12,24.49,2.33,0.99,9.52,22.43,64.23,7,2,3,5,0
2026-01-03 02:15:00,BLDG_B,4.27,17.08,1.51,0.41,8.0,22.67,62.2,2,2,3,5,0
2026-01-03 02:30:00,BLDG_A,9.13,36.51,1.19,0.8,7.3,23.3,62.92,3,2,3,5,0
2026-01-03 02:45:00,BLDG_A,5.39,21.57,1.84,0.67,4.46,23.26,64.23,1,2,3,5,0
2026-01-03 03:00:00,BLDG_C,5.46,21.83,2.58,0.64,9.87,20.35,67.13,3,3,3,5,0
2026-01-03 03:15:00,BLDG_A,5.12,20.46,1.9,0.84,6.5,20.87,66.31,8,3,3,5,0
2026-01-03 03:30:00,BLDG_A,5.6,22.39,2.2,0.57,6.63,22.62,61.47,1,3,3,5,0
2026-01-03 03:45:00,BLDG_B,6.07,24.27,2.22,0.99,9.31,22.62,61.59,2,3,3,5,0
2026-01-03 04:00:00,BLDG_A,5.5,22.0,1.24,0.98,7.66,22.62,59.37,3,4,3,5,0
2026-01-03 04:15:00,BLDG_C,5.73,22.92,2.47,0.89,9.19,26.62,62.81,4,4,3,5,0
2026-01-03 04:30:00,BLDG_B,5.82,23.28,2.0,0.8,5.57,22.69,59.74,0,4,3,5,0
2026-01-03 04:45:00,BLDG_C,5.04,20.17,1.72,0.96,8.62,23.36,60.38,6,4,3,5,0
2026-01-03 05:00:00,BLDG_A,6.65,26.62,2.85,1.0,10.31,23.14,60.63,9,5,3,5,0
2026-01-03 05:15:00,BLDG_C,5.18,20.71,1.39,0.91,7.42,22.78,66.01,6,5,3,5,0
2026-01-03 05:30:00,BLDG_C,3.82,15.26,1.55,0.47,13.13,21.62,64.18,8,5,3,5,0
2026-01-03 05:45:00,BLDG_A,5.63,22.53,2.15,0.6,7.39,22.91,66.88,3,5,3,5,0
2026-01-03 06:00:00,BLDG_A,8.77,35.07,3.69,1.93,15.6,21.07,63.87,22,6,3,5,0
2026-01-03 06:15:00,BLDG_B,13.21,52.83,2.55,1.63,11.18,21.72,65.76,16,6,3,5,0
2026-01-03 06:30:00,BLDG_B,10.26,41.03,4.97,2.06,7.94,21.42,62.87,14,6,3,5,0
2026-01-03 06:45:00,BLDG_B,8.78,35.11,3.46,2.35,11.45,22.1,70.79,26,6,3,5,0
2026-01-03 07:00:00,BLDG_A,9.44,37.77,4.55,2.31,15.83,24.78,56.77,34,7,3,5,0
2026-01-03 07:15:00,BLDG_C,8.66,34.65,3.37,2.18,15.57,20.22,68.1,25,7,3,5,0
2026-01-03 07:30:00,BLDG_C,8.35,33.4,3.57,2.18,18.58,23.74,63.8,32,7,3,5,0
2026-01-03 07:45:00,BLDG_B,8.43,33.71,3.19,2.55,10.68,21.43,66.6,11,7,3,5,0
2026-01-03 08:00:00,BLDG_B,13.06,52.23,6.13,3.81,24.57,23.25,62.08,86,8,3,5,0
2026-01-03 08:15:00,BLDG_A,13.61,54.43,6.72,3.83,27.92,25.56,58.78,88,8,3,5,0
2026-01-03 08:30:00,BLDG_C,13.25,53.0,6.7,3.24,27.03,24.76,60.5,94,8,3,5,0
2026-01-03 08:45:00,BLDG_B,13.93,55.7,6.31,3.93,28.8,23.8,61.35,91,8,3,5,0
2026-01-03 09:00:00,BLDG_A,12.22,48.89,6.0,3.7,23.94,24.64,63.43,81,9,3,5,1
2026-01-03 09:15:00,BLDG_B,13.44,53.75,7.18,3.58,18.12,26.7,64.07,65,9,3,5,1
2026-01-03 09:30:00,BLDG_A,14.24,56.98,7.71,3.52,28.23,25.38,57.75,80,9,3,5,1
2026-01-03 09:45:00,BLDG_C,14.31,57.22,8.17,3.46,20.75,26.88,53.08,60,9,3,5,1
2026-01-03 10:00:00,BLDG_A,14.42,57.68,7.78,3.91,16.68,27.0,56.73,39,10,3,5,1
2026-01-03 10:15:00,BLDG_B,14.46,57.84,7.7,3.59,28.91,26.48,65.52,86,10,3,5,1
2026-01-03 10:30:00,BLDG_B,16.31,65.23,9.67,3.47,31.12,30.13,49.9,88,10,3,5,1
2026-01-03 10:45:00,BLDG_C,14.73,58.93,8.39,3.41,24.18,28.58,59.55,67,10,3,5,1
2026-01-03 11:00:00,BLDG_C,13.98,55.92,7.39,3.64,26.69,25.63,64.09,84,11,3,5,1
2026-01-03 11:15:00,BLDG_B,13.61,54.43,7.29,3.51,24.77,28.5,53.09,72,11,3,5,1
2026-01-03 11:30:00,BLDG_B,13.92,55.66,7.23,3.45,20.83,27.67,57.7,61,11,3,5,1
2026-01-03 11:45:00,BLDG_B,15.0,59.99,8.46,3.25,18.85,29.65,57.91,49,11,3,5,1
2026-01-03 12:00:00,BLDG_C,14.51,58.05,7.43,3.84,29.19,27.81,54.65,95,12,3,5,1
2026-01-03 12:15:00,BLDG_B,13.65,54.62,7.66,3.57,18.53,28.73,53.8,55,12,3,5,1
2026-01-03 12:30:00,BLDG_C,14.13,56.54,8.0,3.33,25.64,29.55,51.44,80,12,3,5,1
2026-01-03 12:45:00,BLDG_B,14.25,57.01,7.9,3.53,17.53,30.02,49.42,40,12,3,5,1
2026-01-03 13:00:00,BLDG_A,13.68,54.71,7.35,3.74,24.87,27.56,54.21,72,13,3,5,1
2026-01-03 13:15:00,BLDG_A,14.85,59.42,8.27,3.61,29.99,28.58,50.95,96,13,3,5,1
2026-01-03 13:30:00,BLDG_B,15.48,61.92,8.93,3.65,26.44,28.37,55.05,96,13,3,5,1
2026-01-03 13:45:00,BLDG_A,15.18,60.74,8.33,3.61,28.06,28.08,53.07,80,13,3,5,1
2026-01-03 14:00:00,BLDG_C,15.17,60.67,9.23,3.28,20.63,30.88,51.88,47,14,3,5,1
2026-01-03 14:15:00,BLDG_A,14.4,57.61,7.48,3.84,15.95,29.11,49.16,37,14,3,5,1
2026-01-03 14:30:00,BLDG_A,13.24,52.98,7.59,3.17,17.71,26.95,58.06,40,14,3,5,1
2026-01-03 14:45:00,BLDG_C,14.57,58.29,8.35,3.72,16.81,29.38,55.93,42,14,3,5,1
2026-01-03 15:00:00,BLDG_A,15.5,61.99,8.96,3.75,26.66,30.61,45.61,78,15,3,5,1
2026-01-03 15:15:00,BLDG_A,14.47,57.87,8.09,3.55,21.11,29.06,55.03,67,15,3,5,1
2026-01-03 15:30:00,BLDG_B,13.84,55.35,7.94,3.69,29.16,25.73,62.59,84,15,3,5,1
2026-01-03 15:45:00,BLDG_C,13.92,55.69,7.47,3.53,19.3,26.68,53.85,45,15,3,5,1
2026-01-03 16:00:00,BLDG_C,15.19,60.76,8.14,3.69,23.09,28.47,59.81,62,16,3,5,1
2026-01-03 16:15:00,BLDG_B,13.04,52.18,6.14,3.85,24.29,25.77,60.11,75,16,3,5,1
2026-01-03 16:30:00,BLDG_B,13.51,54.02,7.42,3.4,16.17,26.79,55.19,50,16,3,5,1
2026-01-03 16:45:00,BLDG_A,14.42,57.69,8.06,3.77,27.81,26.82,57.1,82,16,3,5,1
2026-01-03 17:00:00,BLDG_A,13.27,53.07,6.91,4.02,25.04,24.39,62.59,90,17,3,5,1
2026-01-03 17:15:00,BLDG_A,11.92,47.7,5.78,3.67,31.35,25.02,60.19,98,17,3,5,1
2026-01-03 17:30:00,BLDG_B,12.61,50.46,6.28,3.47,26.92,20.79,67.93,93,17,3,5,1
2026-01-03 17:45:00,BLDG_C,15.05,60.21,7.37,4.17,25.95,23.02,60.21,96,17,3,5,1
2026-01-03 18:00:00,BLDG_A,7.82,31.28,3.92,2.02,12.62,23.51,62.75,21,18,3,5,1
2026-01-03 18:15:00,BLDG_B,9.12,36.47,4.16,2.06,12.57,21.87,60.46,10,18,3,5,1
2026-01-03 18:30:00,BLDG_C,9.64,38.55,5.11,2.06,10.91,24.87,59.86,22,18,3,5,1
2026-01-03 18:45:00,BLDG_B,8.68,34.71,3.92,2.11,16.26,20.74,63.68,23,18,3,5,1
2026-01-03 19:00:00,BLDG_A,8.78,35.13,4.4,1.92,16.79,21.47,63.09,34,19,3,5,0
2026-01-03 19:15:00,BLDG_B,8.58,34.32,4.21,2.05,15.79,22.16,67.97,34,19,3,5,0
2026-01-03 19:30:00,BLDG_B,9.25,37.01,4.31,2.24,10.87,23.73,65.18,17,19,3,5,0
2026-01-03 19:45:00,BLDG_B,8.84,35.36,4.19,1.91,11.01,20.28,68.91,17,19,3,5,0
2026-01-03 20:00:00,BLDG_B,8.52,34.1,3.73,1.9,13.48,23.4,59.13,21,20,3,5,0
2026-01-03 20:15:00,BLDG_C,7.88,31.5,3.78,1.93,11.89,22.01,63.53,10,20,3,5,0
2026-01-03 20:30:00,BLDG_A,8.23,32.91,3.57,1.73,11.21,20.82,69.91,20,20,3,5,0
2026-01-03 20:45:00,BLDG_C,7.93,31.72,3.18,1.83,10.13,22.55,64.09,17,20,3,5,0
2026-01-03 21:00:00,BLDG_B,6.01,24.03,2.62,0.62,9.33,22.24,71.1,8,21,3,5,0
2026-01-03 21:15:00,BLDG_B,5.35,21.41,2.01,0.8,11.67,21.28,66.76,4,21,3,5,0
2026-01-03 21:30:00,BLDG_A,6.3,25.21,2.6,1.01,6.89,22.08,64.95,6,21,3,5,0
2026-01-03 21:45:00,BLDG_A,6.57,26.29,2.78,1.16,11.6,21.54,64.27,6,21,3,5,0
2026-01-03 22:00:00,BLDG_C,5.76,23.04,2.03,0.81,8.52,22.14,64.7,2,22,3,5,0
2026-01-03 22:15:00,BLDG_C,4.74,18.95,1.34,0.91,6.01,22.79,62.85,6,22,3,5,0
2026-01-03 22:30:00,BLDG_A,5.4,21.61,1.9,0.86,7.08,23.9,63.77,0,22,3,5,0
2026-01-03 22:45:00,BLDG_C,4.11,16.43,1.66,0.3,10.98,20.51,69.6,8,22,3,5,0
2026-01-03 23:00:00,BLDG_B,4.51,18.06,1.21,0.51,13.58,24.56,58.3,9,23,3,5,0
2026-01-03 23:15:00,BLDG_B,5.11,20.45,1.75,0.99,6.45,19.66,64.02,5,23,3,5,0
2026-01-03 23:30:00,BLDG_A,5.68,22.72,1.96,1.01,3.24,21.82,59.26,4,23,3,5,0
2026-01-03 23:45:00,BLDG_C,5.52,22.1,1.68,1.01,6.7,22.71,64.97,6,23,3,5,0
2026-01-04 00:00:00,BLDG_B,4.85,19.42,1.61,0.76,11.14,22.34,60.68,4,0,4,6,0
2026-01-04 00:15:00,BLDG_A,4.27,17.07,1.36,0.3,6.39,21.25,59.16,9,0,4,6,0
2026-01-04 00:30:00,BLDG_C,5.37,21.49,2.1,0.54,11.87,21.75,66.04,4,0,4,6,0
2026-01-04 00:45:00,BLDG_B,6.31,25.25,2.93,0.58,12.41,21.41,72.87,9,0,4,6,0
2026-01-04 01:00:00,BLDG_C,6.48,25.92,2.64,0.96,9.7,21.29,65.54,6,1,4,6,0
2026-01-04 01:15:00,BLDG_C,5.87,23.46,2.33,0.71,8.73,23.02,65.49,9,1,4,6,0
2026-01-04 01:30:00,BLDG_C,6.09,24.35,2.34,1.22,9.43,22.43,64.1,6,1,4,6,0
2026-01-04 01:45:00,BLDG_A,6.23,24.9,1.93,1.17,9.66,21.17,65.45,2,1,4,6,0
2026-01-04 02:00:00,BLDG_B,5.18,20.73,1.1,1.22,9.36,23.08,65.64,2,2,4,6,0
2026-01-04 02:15:00,BLDG_A,5.51,22.04,1.82,0.57,13.46,22.37,63.08,9,2,4,6,0
2026-01-04 02:30:00,BLDG_B,5.16,20.64,1.52,0.92,7.92,22.98,63.84,2,2,4,6,0
2026-01-04 02:45:00,BLDG_B,5.48,21.91,2.08,0.68,6.5,22.76,64.33,5,2,4,6,0
2026-01-04 03:00:00,BLDG_A,6.06,24.22,2.62,0.88,6.15,21.01,63.99,5,3,4,6,0
2026-01-04 03:15:00,BLDG_A,6.03,24.11,2.99,0.6,5.09,21.33,68.48,2,3,4,6,0
2026-01-04 03:30:00,BLDG_B,6.06,24.26,2.03,1.11,8.83,22.9,62.63,2,3,4,6,0
2026-01-04 03:45:00,BLDG_B,4.49,17.94,1.17,0.6,9.07,22.73,61.13,7,3,4,6,0
2026-01-04 04:00:00,BLDG_B,4.95,19.8,2.03,0.31,9.61,21.97,66.15,7,4,4,6,0
2026-01-04 04:15:00,BLDG_C,5.67,22.68,2.04,1.31,8.25,22.14,61.59,6,4,4,6,0
2026-01-04 04:30:00,BLDG_B,6.33,25.33,2.34,0.91,7.76,23.53,62.28,9,4,4,6,0
2026-01-04 04:45:00,BLDG_A,5.21,20.82,1.99,0.53,9.89,21.29,65.54,3,4,4,6,0
2026-01-04 05:00:00,BLDG_A,4.98,19.92,2.03,0.76,3.73,22.66,66.77,3,5,4,6,0
2026-01-04 05:15:00,BLDG_A,4.97,19.87,1.68,0.66,6.84,21.76,66.29,2,5,4,6,0
2026-01-04 05:30:00,BLDG_B,5.24,20.97,1.84,0.8,10.45,21.74,64.82,4,5,4,6,0
2026-01-04 05:45:00,BLDG_B,5.78,23.14,2.26,1.0,6.64,23.32,64.98,2,5,4,6,0
2026-01-04 06:00:00,BLDG_C,8.01,32.05,3.0,2.16,12.08,22.99,67.18,15,6,4,6,0
2026-01-04 06:15:00,BLDG_C,8.53,34.13,3.84,2.06,12.56,22.98,64.71,28,6,4,6,0
2026-01-04 06:30:00,BLDG_A,8.97,35.88,4.34,2.0,14.35,23.57,62.18,33,6,4,6,0
2026-01-04 06:45:00,BLDG_C,10.19,40.74,4.82,2.27,12.45,22.03,60.53,15,6,4,6,0
2026-01-04 07:00:00,BLDG_C,7.42,29.66,3.8,1.52,7.86,22.82,60.08,11,7,4,6,0
2026-01-04 07:15:00,BLDG_A,9.08,36.33,4.59,1.81,12.79,22.09,63.46,15,7,4,6,0
2026-01-04 07:30:00,BLDG_B,15.09,60.37,4.85,1.76,15.13,23.3,60.72,32,7,4,6,0
2026-01-04 07:45:00,BLDG_C,8.95,35.8,3.81,2.25,13.59,23.21,62.12,14,7,4,6,0
2026-01-04 08:00:00,BLDG_B,12.7,50.79,6.22,3.42,17.0,23.93,61.78,39,8,4,6,0
2026-01-04 08:15:00,BLDG_A,13.55,54.18,6.75,3.28,27.64,24.96,61.64,99,8,4,6,0
2026-01-04 08:30:00,BLDG_A,13.55,54.18,6.46,3.74,22.68,23.7,61.74,51,8,4,6,0
2026-01-04 08:45:00,BLDG_C,14.11,56.44,8.31,3.37,18.35,27.61,57.55,56,8,4,6,0
2026-01-04 09:00:00,BLDG_A,12.11,48.42,6.22,3.51,24.05,24.29,61.25,75,9,4,6,1
2026-01-04 09:15:00,BLDG_A,14.51,58.04,7.42,4.2,19.81,24.43,54.93,45,9,4,6,1
2026-01-04 09:30:00,BLDG_A,13.63,54.51,7.38,3.8,24.04,27.65,53.21,90,9,4,6,1
2026-01-04 09:45:00,BLDG_C,13.03,52.11,7.12,3.55,29.58,27.57,55.72,85,9,4,6,1
2026-01-04 10:00:00,BLDG_C,14.49,57.95,8.06,3.57,17.8,27.7,52.32,55,10,4,6,1
2026-01-04 10:15:00,BLDG_C,15.32,61.29,8.52,3.83,20.29,28.02,57.27,60,10,4,6,1
2026-01-04 10:30:00,BLDG_A,14.91,59.64,7.83,3.77,20.24,27.54,60.78,53,10,4,6,1
2026-01-04 10:45:00,BLDG_B,14.46,57.82,7.68,3.62,28.6,26.74,61.04,94,10,4,6,1
2026-01-04 11:00:00,BLDG_A,16.04,64.17,8.93,3.63,27.4,28.15,54.63,81,11,4,6,1
2026-01-04 11:15:00,BLDG_C,14.44,57.77,8.34,3.23,18.0,27.47,60.77,60,11,4,6,1
2026-01-04 11:30:00,BLDG_B,14.21,56.84,8.49,3.18,25.73,29.64,53.49,74,11,4,6,1
2026-01-04 11:45:00,BLDG_B,14.42,57.67,7.84,3.56,18.19,28.45,53.81,39,11,4,6,1
2026-01-04 12:00:00,BLDG_C,15.04,60.17,8.37,3.44,22.16,27.77,54.0,55,12,4,6,1
2026-01-04 12:15:00,BLDG_B,15.04,60.18,8.48,3.75,13.18,28.48,53.87,38,12,4,6,1
2026-01-04 12:30:00,BLDG_B,15.46,61.84,8.61,3.65,17.6,29.44,52.18,57,12,4,6,1
2026-01-04 12:45:00,BLDG_C,13.99,55.94,7.84,3.41,18.1,28.31,55.55,49,12,4,6,1
2026-01-04 13:00:00,BLDG_B,14.39,57.56,7.87,3.64,14.52,28.01,55.96,42,13,4,6,1
2026-01-04 13:15:00,BLDG_B,14.53,58.12,8.27,3.5,20.89,29.28,53.59,75,13,4,6,1
2026-01-04 13:30:00,BLDG_C,15.79,63.16,8.18,4.12,18.89,29.23,54.96,53,13,4,6,1
2026-01-04 13:45:00,BLDG_B,14.53,58.12,7.69,3.7,26.07,28.26,58.69,80,13,4,6,1
2026-01-04 14:00:00,BLDG_B,13.88,55.54,8.1,3.21,27.24,28.2,58.05,62,14,4,6,1
2026-01-04 14:15:00,BLDG_B,15.3,61.21,7.89,4.06,19.88,28.91,49.68,49,14,4,6,1
2026-01-04 14:30:00,BLDG_B,13.67,54.69,7.54,3.44,27.12,26.73,49.74,71,14,4,6,1
2026-01-04 14:45:00,BLDG_C,12.45,49.8,6.36,3.36,15.61,26.59,60.42,35,14,4,6,1
2026-01-04 15:00:00,BLDG_A,14.42,57.7,7.32,4.14,21.88,27.2,52.6,58,15,4,6,1
2026-01-04 15:15:00,BLDG_A,14.96,59.86,8.3,3.69,21.13,27.56,55.48,61,15,4,6,1
2026-01-04 15:30:00,BLDG_B,14.29,57.16,7.42,3.78,29.65,27.93,52.1,74,15,4,6,1
2026-01-04 15:45:00,BLDG_C,14.92,59.68,8.56,3.78,27.97,29.03,48.54,97,15,4,6,1
2026-01-04 16:00:00,BLDG_C,14.1,56.38,7.48,3.55,27.8,27.98,57.16,95,16,4,6,1
2026-01-04 16:15:00,BLDG_B,14.4,57.59,7.74,3.46,24.99,26.42,60.14,70,16,4,6,1
2026-01-04 16:30:00,BLDG_A,13.77,55.09,7.13,3.5,21.17,26.24,56.41,58,16,4,6,1
2026-01-04 16:45:00,BLDG_B,12.98,51.93,6.57,4.0,19.91,24.69,52.7,58,16,4,6,1
2026-01-04 17:00:00,BLDG_C,13.27,53.09,7.04,3.65,18.28,25.48,57.64,38,17,4,6,1
2026-01-04 17:15:00,BLDG_C,12.55,50.19,6.09,3.93,22.88,24.75,61.55,68,17,4,6,1
2026-01-04 17:30:00,BLDG_A,13.96,55.84,7.36,3.58,27.92,25.07,55.46,91,17,4,6,1
2026-01-04 17:45:00,BLDG_C,13.0,51.99,7.15,3.41,26.72,23.26,63.16,83,17,4,6,1
2026-01-04 18:00:00,BLDG_C,7.95,31.81,3.97,1.64,11.79,24.43,60.8,33,18,4,6,1
2026-01-04 18:15:00,BLDG_C,9.29,37.15,4.68,2.16,9.43,25.2,61.43,21,18,4,6,1
2026-01-04 18:30:00,BLDG_A,9.04,36.14,4.39,2.42,17.43,22.78,63.68,33,18,4,6,1
2026-01-04 18:45:00,BLDG_C,8.43,33.72,3.95,1.78,13.69,22.94,60.17,32,18,4,6,1
2026-01-04 19:00:00,BLDG_B,7.63,30.54,3.45,2.13,12.79,22.83,66.85,23,19,4,6,0
2026-01-04 19:15:00,BLDG_A,9.34,37.36,4.8,1.66,16.06,21.52,64.75,22,19,4,6,0
2026-01-04 19:30:00,BLDG_B,8.28,33.1,3.8,1.86,15.3,22.27,64.01,34,19,4,6,0
2026-01-04 19:45:00,BLDG_B,8.23,32.9,3.7,2.07,10.0,22.02,61.68,11,19,4,6,0
2026-01-04 20:00:00,BLDG_A,8.94,35.74,4.82,1.57,12.43,22.12,62.99,12,20,4,6,0
2026-01-04 20:15:00,BLDG_B,9.0,36.0,4.31,2.0,14.5,21.07,63.24,35,20,4,6,0
2026-01-04 20:30:00,BLDG_A,8.86,35.45,4.13,1.79,17.67,22.03,63.94,33,20,4,6,0
2026-01-04 20:45:00,BLDG_B,8.81,35.24,3.51,2.15,16.57,22.6,68.74,31,20,4,6,0
2026-01-04 21:00:00,BLDG_A,6.14,24.57,2.4,0.76,11.88,23.74,57.77,1,21,4,6,0
2026-01-04 21:15:00,BLDG_C,7.78,31.11,3.45,1.03,8.38,23.15,57.93,8,21,4,6,0
2026-01-04 21:30:00,BLDG_C,6.26,25.03,2.64,0.73,12.05,24.58,65.04,6,21,4,6,0
2026-01-04 21:45:00,BLDG_B,5.39,21.57,2.25,0.46,9.55,21.08,65.25,2,21,4,6,0
2026-01-04 22:00:00,BLDG_C,5.24,20.95,2.36,0.43,5.79,23.05,60.92,2,22,4,6,0
2026-01-04 22:15:00,BLDG_A,4.59,18.37,1.84,0.32,4.13,22.22,67.29,6,22,4,6,0
2026-01-04 22:30:00,BLDG_B,5.78,23.12,2.05,0.96,7.28,24.63,58.74,4,22,4,6,0
2026-01-04 22:45:00,BLDG_C,5.62,22.49,1.82,1.44,10.56,21.03,71.43,9,22,4,6,0
2026-01-04 23:00:00,BLDG_C,5.34,21.36,1.71,0.91,9.97,20.99,68.05,5,23,4,6,0
2026-01-04 23:15:00,BLDG_B,5.68,22.71,1.82,1.22,9.42,21.28,64.12,7,23,4,6,0
2026-01-04 23:30:00,BLDG_C,5.33,21.33,1.82,1.08,9.66,19.45,74.79,8,23,4,6,0
2026-01-04 23:45:00,BLDG_C,4.85,19.4,1.88,0.67,7.75,21.37,63.63,0,23,4,6,0
2026-01-05 00:00:00,BLDG_B,6.39,25.58,1.86,1.12,10.5,21.09,68.09,2,0,5,0,0
2026-01-05 00:15:00,BLDG_C,4.98,19.92,2.12,0.68,6.45,22.18,65.13,6,0,5,0,0
2026-01-05 00:30:00,BLDG_C,5.35,21.4,2.04,0.69,9.64,22.41,67.79,5,0,5,0,0
2026-01-05 00:45:00,BLDG_C,5.9,23.61,2.17,0.75,7.67,24.25,65.81,6,0,5,0,0
2026-01-05 01:00:00,BLDG_C,6.3,25.18,2.76,0.76,7.73,23.14,62.89,7,1,5,0,0
2026-01-05 01:15:00,BLDG_B,5.53,22.13,2.04,0.97,11.45,21.31,63.28,5,1,5,0,0
2026-01-05 01:30:00,BLDG_A,5.98,23.91,3.11,0.63,6.47,20.92,67.5,2,1,5,0,0
2026-01-05 01:45:00,BLDG_A,5.86,23.43,2.18,1.02,7.94,22.59,61.58,1,1,5,0,0
2026-01-05 02:00:00,BLDG_C,4.7,18.81,1.78,1.02,13.24,20.42,72.92,6,2,5,0,0
2026-01-05 02:15:00,BLDG_C,6.33,25.3,2.74,0.89,9.68,24.2,61.61,0,2,5,0,0
2026-01-05 02:30:00,BLDG_A,5.87,23.47,1.96,1.28,7.53,23.42,61.28,2,2,5,0,0
2026-01-05 02:45:00,BLDG_C,4.86,19.46,0.8,1.12,7.92,21.44,65.9,3,2,5,0,0
2026-01-05 03:00:00,BLDG_A,5.31,21.22,2.0,1.07,5.55,19.94,63.54,0,3,5,0,0
2026-01-05 03:15:00,BLDG_B,5.27,21.07,1.88,0.82,11.48,23.62,59.15,4,3,5,0,0
2026-01-05 03:30:00,BLDG_B,10.27,41.06,2.8,0.89,12.0,21.86,68.31,9,3,5,0,0
2026-01-05 03:45:00,BLDG_B,5.19,20.76,1.55,0.93,9.81,23.49,60.3,2,3,5,0,0
2026-01-05 04:00:00,BLDG_B,4.88,19.53,1.83,0.8,9.81,20.09,64.23,1,4,5,0,0
2026-01-05 04:15:00,BLDG_B,5.75,23.0,2.63,0.71,6.89,21.28,67.19,2,4,5,0,0
2026-01-05 04:30:00,BLDG_B,5.51,22.06,2.2,0.3,6.44,22.01,68.05,7,4,5,0,0
2026-01-05 04:45:00,BLDG_A,5.62,22.5,1.91,0.98,10.22,22.06,66.57,5,4,5,0,0
2026-01-05 05:00:00,BLDG_C,4.85,19.4,1.62,1.06,11.1,21.46,68.3,6,5,5,0,0
2026-01-05 05:15:00,BLDG_A,5.64,22.54,2.18,0.51,12.31,22.75,61.11,5,5,5,0,0
2026-01-05 05:30:00,BLDG_B,5.09,20.35,1.99,0.95,8.7,20.72,62.16,5,5,5,0,0
2026-01-05 05:45:00,BLDG_C,4.79,19.17,1.62,0.65,7.75,21.83,69.26,2,5,5,0,0
2026-01-05 06:00:00,BLDG_C,8.37,33.47,3.64,1.91,9.94,22.14,63.32,11,6,5,0,0
2026-01-05 06:15:00,BLDG_B,8.96,35.86,3.59,2.33,11.98,22.62,62.82,12,6,5,0,0
2026-01-05 06:30:00,BLDG_B,7.28,29.13,3.5,1.75,15.14,22.85,67.2,35,6,5,0,0
2026-01-05 06:45:00,BLDG_B,9.15,36.6,4.47,1.75,14.5,20.65,68.19,30,6,5,0,0
2026-01-05 07:00:00,BLDG_B,9.87,39.47,4.4,2.45,17.14,20.16,68.63,34,7,5,0,0
2026-01-05 07:15:00,BLDG_B,8.96,35.85,4.47,1.96,13.13,23.99,68.01,29,7,5,0,0
2026-01-05 07:30:00,BLDG_B,9.09,36.35,4.0,2.31,16.5,23.31,60.6,26,7,5,0,0
2026-01-05 07:45:00,BLDG_C,7.3,29.19,3.88,1.6,15.65,22.47,66.58,29,7,5,0,0
2026-01-05 08:00:00,BLDG_B,12.17,48.7,6.97,3.22,20.34,25.67,59.16,73,8,5,0,0
2026-01-05 08:15:00,BLDG_B,26.12,104.5,7.15,3.37,14.67,24.39,61.72,35,8,5,0,0
2026-01-05 08:30:00,BLDG_C,12.39,49.55,6.32,3.48,16.49,26.09,62.94,57,8,5,0,0
2026-01-05 08:45:00,BLDG_A,12.66,50.62,6.65,3.25,23.67,25.18,61.26,73,8,5,0,0
2026-01-05 09:00:00,BLDG_B,14.11,56.46,7.45,3.69,27.02,27.97,57.16,91,9,5,0,1
2026-01-05 09:15:00,BLDG_C,15.05,60.19,8.58,3.71,24.63,28.0,58.72,68,9,5,0,1
2026-01-05 09:30:00,BLDG_C,13.03,52.11,6.95,3.38,22.74,25.96,57.46,75,9,5,0,1
2026-01-05 09:45:00,BLDG_A,13.31,53.22,7.01,3.4,19.12,27.78,53.31,47,9,5,0,1
2026-01-05 10:00:00,BLDG_B,13.66,54.66,7.92,3.43,17.94,27.72,52.78,40,10,5,0,1
2026-01-05 10:15:00,BLDG_B,14.6,58.4,8.03,3.31,27.43,28.91,48.24,86,10,5,0,1
2026-01-05 10:30:00,BLDG_B,12.64,50.57,7.06,2.88,18.42,26.4,64.08,37,10,5,0,1
2026-01-05 10:45:00,BLDG_C,14.07,56.3,7.8,3.58,33.48,28.64,51.23,97,10,5,0,1
2026-01-05 11:00:00,BLDG_B,14.06,56.26,8.02,3.49,26.48,29.33,52.84,83,11,5,0,1
2026-01-05 11:15:00,BLDG_B,14.04,56.17,7.61,3.52,26.63,26.17,57.42,81,11,5,0,1
2026-01-05 11:30:00,BLDG_B,13.82,55.28,7.68,3.35,25.82,27.05,57.85,89,11,5,0,1
2026-01-05 11:45:00,BLDG_B,13.42,53.66,7.16,3.8,27.52,26.18,60.68,98,11,5,0,1
2026-01-05 12:00:00,BLDG_A,14.51,58.03,7.5,4.21,31.85,28.44,57.42,99,12,5,0,1
2026-01-05 12:15:00,BLDG_A,14.38,57.51,8.42,3.39,20.58,29.73,51.16,49,12,5,0,1
2026-01-05 12:30:00,BLDG_A,16.13,64.5,8.99,3.95,20.46,30.74,50.88,66,12,5,0,1
2026-01-05 12:45:00,BLDG_B,14.91,59.63,8.43,3.69,16.82,29.07,54.74,52,12,5,0,1
2026-01-05 13:00:00,BLDG_B,15.95,63.8,9.01,3.61,23.64,30.95,50.32,77,13,5,0,1
2026-01-05 13:15:00,BLDG_C,13.35,53.39,7.2,3.51,22.9,27.33,61.33,69,13,5,0,1
2026-01-05 13:30:00,BLDG_C,12.72,50.86,6.31,3.58,27.42,26.9,58.63,92,13,5,0,1
2026-01-05 13:45:00,BLDG_C,15.93,63.71,9.08,3.89,23.06,28.8,56.51,67,13,5,0,1
2026-01-05 14:00:00,BLDG_B,13.98,55.9,7.67,3.32,20.39,29.22,55.66,48,14,5,0,1
2026-01-05 14:15:00,BLDG_A,13.73,54.92,7.12,3.53,23.88,28.59,58.14,68,14,5,0,1
2026-01-05 14:30:00,BLDG_A,13.86,55.42,7.26,3.91,29.97,25.99,59.06,95,14,5,0,1
2026-01-05 14:45:00,BLDG_A,13.37,53.46,7.11,3.85,11.46,28.17,51.35,38,14,5,0,1
2026-01-05 15:00:00,BLDG_B,13.06,52.25,6.97,3.32,25.23,26.5,58.95,93,15,5,0,1
2026-01-05 15:15:00,BLDG_A,15.2,60.78,8.39,3.55,20.27,28.62,52.61,63,15,5,0,1
2026-01-05 15:30:00,BLDG_C,15.0,60.0,8.78,3.78,15.54,27.99,53.92,40,15,5,0,1
2026-01-05 15:45:00,BLDG_C,13.97,55.87,7.44,3.77,27.94,26.14,60.06,83,15,5,0,1
2026-01-05 16:00:00,BLDG_A,14.0,55.99,7.1,3.84,22.52,26.33,61.72,74,16,5,0,1
2026-01-05 16:15:00,BLDG_C,13.81,55.24,6.94,3.7,31.11,25.34,59.55,99,16,5,0,1
2026-01-05 16:30:00,BLDG_A,13.06,52.25,6.36,3.74,19.85,26.19,59.15,61,16,5,0,1
2026-01-05 16:45:00,BLDG_A,13.76,55.05,7.34,3.69,14.4,27.04,62.05,40,16,5,0,1
2026-01-05 17:00:00,BLDG_C,12.8,51.21,6.39,3.99,16.03,24.32,61.75,47,17,5,0,1
2026-01-05 17:15:00,BLDG_C,13.47,53.88,7.17,3.49,34.08,25.7,66.75,98,17,5,0,1
2026-01-05 17:30:00,BLDG_C,21.94,87.76,7.49,3.61,27.51,24.04,63.13,96,17,5,0,1
2026-01-05 17:45:00,BLDG_C,11.93,47.7,5.53,3.35,21.04,23.3,57.27,53,17,5,0,1
2026-01-05 18:00:00,BLDG_A,7.77,31.09,3.8,1.7,11.92,23.68,64.24,32,18,5,0,1
2026-01-05 18:15:00,BLDG_C,8.15,32.62,3.08,2.08,15.24,22.12,65.46,20,18,5,0,1
2026-01-05 18:30:00,BLDG_C,8.64,34.55,3.75,1.82,11.78,22.25,68.0,14,18,5,0,1
2026-01-05 18:45:00,BLDG_B,8.31,33.25,3.57,1.99,16.25,21.02,67.99,35,18,5,0,1
2026-01-05 19:00:00,BLDG_C,8.62,34.46,3.38,2.4,13.67,24.36,60.55,22,19,5,0,0
2026-01-05 19:15:00,BLDG_C,9.88,39.54,4.46,2.39,15.65,22.04,60.76,30,19,5,0,0
2026-01-05 19:30:00,BLDG_A,9.22,36.9,4.13,2.56,16.66,21.16,65.13,32,19,5,0,0
2026-01-05 19:45:00,BLDG_A,10.15,40.62,4.4,2.41,9.88,22.26,61.56,14,19,5,0,0
2026-01-05 20:00:00,BLDG_B,9.41,37.64,3.73,2.6,13.94,21.87,62.96,33,20,5,0,0
2026-01-05 20:15:00,BLDG_C,8.93,35.7,3.96,2.11,12.94,21.73,66.66,22,20,5,0,0
2026-01-05 20:30:00,BLDG_C,9.25,37.0,4.8,1.77,12.67,22.74,68.4,15,20,5,0,0
2026-01-05 20:45:00,BLDG_C,8.56,34.24,4.0,1.75,10.95,22.91,64.32,14,20,5,0,0
2026-01-05 21:00:00,BLDG_C,5.74,22.97,2.4,1.15,10.43,21.36,61.87,4,21,5,0,0
2026-01-05 21:15:00,BLDG_C,5.77,23.1,1.69,0.81,9.68,21.31,66.87,2,21,5,0,0
2026-01-05 21:30:00,BLDG_C,6.14,24.57,2.36,0.83,7.57,21.67,68.58,0,21,5,0,0
2026-01-05 21:45:00,BLDG_B,5.42,21.67,1.73,0.66,6.05,19.24,66.81,7,21,5,0,0
2026-01-05 22:00:00,BLDG_C,4.37,17.46,1.05,0.69,7.43,20.18,66.83,2,22,5,0,0
2026-01-05 22:15:00,BLDG_C,5.46,21.84,2.0,0.9,11.71,23.64,62.08,1,22,5,0,0
2026-01-05 22:30:00,BLDG_C,4.73,18.92,1.76,0.54,8.68,23.97,59.18,0,22,5,0,0
2026-01-05 22:45:00,BLDG_B,4.91,19.63,1.19,0.86,7.38,21.7,66.89,3,22,5,0,0
2026-01-05 23:00:00,BLDG_C,5.77,23.08,2.1,1.18,10.04,22.69,63.1,7,23,5,0,0
2026-01-05 23:15:00,BLDG_B,4.44,17.78,1.55,0.3,9.79,22.37,65.2,2,23,5,0,0
2026-01-05 23:30:00,BLDG_A,7.32,29.28,4.14,0.41,6.72,25.69,56.3,0,23,5,0,0
2026-01-05 23:45:00,BLDG_C,4.71,18.82,1.27,0.97,11.13,23.34,61.17,3,23,5,0,0
2026-01-06 00:00:00,BLDG_B,5.51,22.04,1.39,1.14,10.75,21.85,66.9,8,0,6,1,0
2026-01-06 00:15:00,BLDG_A,5.69,22.78,2.43,0.68,5.8,20.85,65.1,0,0,6,1,0
2026-01-06 00:30:00,BLDG_B,4.43,17.72,1.93,0.3,9.93,20.07,72.57,1,0,6,1,0
2026-01-06 00:45:00,BLDG_B,6.02,24.06,2.42,1.16,8.94,22.24,62.93,8,0,6,1,0
2026-01-06 01:00:00,BLDG_A,5.8,23.19,2.19,0.6,7.86,21.09,66.54,1,1,6,1,0
2026-01-06 01:15:00,BLDG_C,4.73,18.93,1.71,0.71,6.41,20.29,69.86,2,1,6,1,0
2026-01-06 01:30:00,BLDG_C,5.12,20.47,1.31,0.88,10.58,21.22,61.41,6,1,6,1,0
2026-01-06 01:45:00,BLDG_B,5.83,23.31,2.54,0.63,8.14,20.7,61.16,2,1,6,1,0
2026-01-06 02:00:00,BLDG_A,4.56,18.24,1.36,0.58,11.11,24.02,56.89,8,2,6,1,0
2026-01-06 02:15:00,BLDG_C,6.24,24.96,2.28,0.59,8.0,23.06,66.7,5,2,6,1,0
2026-01-06 02:30:00,BLDG_B,5.95,23.78,2.46,1.26,7.11,21.99,62.86,2,2,6,1,0
2026-01-06 02:45:00,BLDG_A,5.43,21.71,1.94,1.09,8.27,23.78,69.51,8,2,6,1,0
2026-01-06 03:00:00,BLDG_B,5.42,21.67,1.85,0.94,8.79,22.09,62.67,0,3,6,1,0
2026-01-06 03:15:00,BLDG_A,5.16,20.65,1.51,0.3,8.62,20.97,66.6,9,3,6,1,0
2026-01-06 03:30:00,BLDG_C,5.79,23.16,2.23,0.94,8.03,23.83,66.38,2,3,6,1,0
2026-01-06 03:45:00,BLDG_C,4.12,16.47,0.5,0.93,6.96,22.65,69.55,0,3,6,1,0
2026-01-06 04:00:00,BLDG_B,5.37,21.5,2.36,0.48,9.1,20.76,72.55,1,4,6,1,0
2026-01-06 04:15:00,BLDG_C,5.62,22.49,2.06,0.86,6.07,21.77,68.47,7,4,6,1,0
2026-01-06 04:30:00,BLDG_C,5.52,22.07,1.89,1.06,9.81,20.95,69.15,6,4,6,1,0
2026-01-06 04:45:00,BLDG_A,5.95,23.79,2.12,0.94,11.68,20.34,68.77,1,4,6,1,0
2026-01-06 05:00:00,BLDG_C,4.84,19.34,1.31,0.63,10.69,23.11,65.17,1,5,6,1,0
2026-01-06 05:15:00,BLDG_A,4.26,17.03,0.9,0.8,8.53,24.29,59.41,8,5,6,1,0
2026-01-06 05:30:00,BLDG_A,5.53,22.12,2.23,0.98,10.09,20.32,64.56,5,5,6,1,0
2026-01-06 05:45:00,BLDG_B,6.14,24.57,2.66,0.81,9.48,22.68,63.48,4,5,6,1,0
2026-01-06 06:00:00,BLDG_A,8.63,34.52,3.13,2.31,17.76,21.22,65.16,31,6,6,1,0
2026-01-06 06:15:00,BLDG_C,7.93,31.73,3.47,2.1,7.16,21.42,64.02,19,6,6,1,0
2026-01-06 06:30:00,BLDG_A,9.42,37.67,4.38,2.19,16.83,21.29,67.66,30,6,6,1,0
2026-01-06 06:45:00,BLDG_A,8.71,34.86,4.18,2.21,12.74,20.96,68.92,24,6,6,1,0
2026-01-06 07:00:00,BLDG_B,9.59,38.35,5.48,1.73,12.23,22.06,64.68,26,7,6,1,0
2026-01-06 07:15:00,BLDG_C,9.64,38.56,4.54,2.01,13.28,21.46,69.74,31,7,6,1,0
2026-01-06 07:30:00,BLDG_C,9.17,36.69,4.42,1.92,8.7,23.24,59.22,15,7,6,1,0
2026-01-06 07:45:00,BLDG_C,8.62,34.5,3.62,2.26,9.41,23.31,61.96,12,7,6,1,0
2026-01-06 08:00:00,BLDG_A,12.6,50.39,6.76,3.72,21.02,23.52,60.06,69,8,6,1,0
2026-01-06 08:15:00,BLDG_C,13.38,53.52,7.25,3.55,16.28,23.16,57.16,36,8,6,1,0
2026-01-06 08:30:00,BLDG_C,12.71,50.83,6.42,3.28,21.94,23.99,61.27,58,8,6,1,0
2026-01-06 08:45:00,BLDG_A,12.76,51.03,7.14,3.2,23.33,26.0,58.13,72,8,6,1,0
2026-01-06 09:00:00,BLDG_B,13.73,54.91,7.31,3.68,23.32,26.1,62.89,56,9,6,1,1
2026-01-06 09:15:00,BLDG_B,12.87,51.48,6.42,3.42,20.1,24.72,62.32,60,9,6,1,1
2026-01-06 09:30:00,BLDG_A,13.65,54.58,7.47,3.77,24.32,26.38,54.86,77,9,6,1,1
2026-01-06 09:45:00,BLDG_B,13.44,53.75,7.85,3.19,26.63,27.52,61.79,89,9,6,1,1
2026-01-06 10:00:00,BLDG_B,14.0,56.0,7.57,4.0,25.26,24.95,63.74,73,10,6,1,1
2026-01-06 10:15:00,BLDG_B,14.49,57.96,7.78,3.77,23.26,27.91,57.37,63,10,6,1,1
2026-01-06 10:30:00,BLDG_C,14.07,56.29,7.8,3.62,20.87,26.76,56.68,54,10,6,1,1
2026-01-06 10:45:00,BLDG_B,15.14,60.58,8.0,4.02,24.25,28.51,51.86,75,10,6,1,1
2026-01-06 11:00:00,BLDG_C,14.66,58.66,7.92,3.84,24.68,27.15,55.66,88,11,6,1,1
2026-01-06 11:15:00,BLDG_B,27.51,110.06,7.11,3.48,19.24,26.11,61.6,54,11,6,1,1
2026-01-06 11:30:00,BLDG_C,13.75,55.02,7.67,3.62,22.62,26.51,63.38,53,11,6,1,1
2026-01-06 11:45:00,BLDG_A,14.69,58.77,8.5,3.11,32.03,28.69,59.1,100,11,6,1,1
2026-01-06 12:00:00,BLDG_A,14.21,56.84,7.74,3.87,22.67,29.07,52.42,64,12,6,1,1
2026-01-06 12:15:00,BLDG_B,14.98,59.9,8.37,3.53,26.37,27.78,52.47,87,12,6,1,1
2026-01-06 12:30:00,BLDG_C,14.4,57.6,8.41,3.11,22.93,29.71,53.36,68,12,6,1,1
2026-01-06 12:45:00,BLDG_A,13.11,52.45,7.31,3.3,19.56,26.99,51.71,56,12,6,1,1
2026-01-06 13:00:00,BLDG_A,14.43,57.7,7.87,3.82,19.19,28.92,55.09,40,13,6,1,1
2026-01-06 13:15:00,BLDG_A,14.71,58.83,7.89,4.0,19.74,27.53,55.76,61,13,6,1,1
2026-01-06 13:30:00,BLDG_A,14.17,56.68,7.95,3.61,19.53,28.16,53.87,44,13,6,1,1
2026-01-06 13:45:00,BLDG_B,14.86,59.42,8.41,3.35,24.98,28.92,49.33,82,13,6,1,1
2026-01-06 14:00:00,BLDG_C,13.9,55.61,8.0,3.24,31.1,27.73,57.45,93,14,6,1,1
2026-01-06 14:15:00,BLDG_A,24.42,97.68,8.26,3.95,29.31,28.17,53.65,93,14,6,1,1
2026-01-06 14:30:00,BLDG_B,16.59,66.36,9.87,3.71,14.42,29.67,49.48,36,14,6,1,1
2026-01-06 14:45:00,BLDG_A,14.22,56.86,7.77,3.52,21.24,27.59,47.5,63,14,6,1,1
2026-01-06 15:00:00,BLDG_A,15.19,60.74,7.91,3.46,31.2,29.07,53.82,99,15,6,1,1
2026-01-06 15:15:00,BLDG_A,12.83,51.32,6.35,3.77,20.2,26.46,63.12,60,15,6,1,1
2026-01-06 15:30:00,BLDG_A,14.08,56.32,7.37,3.76,17.72,28.19,60.2,44,15,6,1,1
2026-01-06 15:45:00,BLDG_B,15.2,60.8,8.87,3.38,26.11,28.99,52.64,87,15,6,1,1
2026-01-06 16:00:00,BLDG_C,13.39,53.57,6.86,3.31,31.98,23.98,59.72,93,16,6,1,1
2026-01-06 16:15:00,BLDG_B,13.04,52.18,6.41,3.33,24.18,25.66,60.42,56,16,6,1,1
2026-01-06 16:30:00,BLDG_B,15.36,61.43,8.77,3.48,29.63,26.95,54.07,85,16,6,1,1
2026-01-06 16:45:00,BLDG_B,13.87,55.46,7.24,3.43,25.79,25.65,59.94,82,16,6,1,1
2026-01-06 17:00:00,BLDG_A,14.04,56.16,7.41,4.0,19.29,25.95,60.88,55,17,6,1,1
2026-01-06 17:15:00,BLDG_C,13.95,55.78,7.75,3.47,18.76,24.37,64.62,56,17,6,1,1
2026-01-06 17:30:00,BLDG_A,14.3,57.2,7.64,3.29,25.15,24.78,60.03,64,17,6,1,1
2026-01-06 17:45:00,BLDG_B,13.24,52.94,6.91,3.3,22.84,24.06,60.79,59,17,6,1,1
2026-01-06 18:00:00,BLDG_A,9.61,38.45,4.84,1.95,16.34,25.21,57.05,29,18,6,1,1
2026-01-06 18:15:00,BLDG_C,8.44,33.77,4.46,1.54,10.8,23.67,59.51,15,18,6,1,1
2026-01-06 18:30:00,BLDG_C,8.77,35.08,3.88,1.98,7.78,23.32,61.84,15,18,6,1,1
2026-01-06 18:45:00,BLDG_A,8.24,32.95,4.14,1.67,10.88,21.96,65.66,27,18,6,1,1
2026-01-06 19:00:00,BLDG_B,8.96,35.86,4.29,2.29,14.06,21.41,68.12,27,19,6,1,0
2026-01-06 19:15:00,BLDG_A,8.65,34.59,3.94,2.03,9.81,21.48,62.87,13,19,6,1,0
2026-01-06 19:30:00,BLDG_B,8.01,32.05,3.52,2.53,12.44,22.47,68.27,26,19,6,1,0
2026-01-06 19:45:00,BLDG_C,8.74,34.94,3.87,1.94,16.17,21.49,64.44,34,19,6,1,0
2026-01-06 20:00:00,BLDG_A,7.56,30.25,3.51,1.22,15.09,22.35,63.91,23,20,6,1,0
2026-01-06 20:15:00,BLDG_C,9.14,36.55,4.2,2.36,11.66,24.49,58.52,23,20,6,1,0
2026-01-06 20:30:00,BLDG_B,7.81,31.24,3.11,2.13,10.23,23.05,55.66,22,20,6,1,0
2026-01-06 20:45:00,BLDG_B,8.95,35.81,4.17,2.16,10.17,21.61,67.74,16,20,6,1,0
2026-01-06 21:00:00,BLDG_A,4.11,16.45,1.18,0.55,7.67,23.44,64.55,8,21,6,1,0
2026-01-06 21:15:00,BLDG_A,5.28,21.14,1.8,0.79,9.41,21.51,64.39,1,21,6,1,0
2026-01-06 21:30:00,BLDG_A,7.93,31.71,2.25,0.85,8.65,19.55,68.37,3,21,6,1,0
2026-01-06 21:45:00,BLDG_C,5.87,23.46,2.4,0.74,13.08,20.79,67.86,6,21,6,1,0
2026-01-06 22:00:00,BLDG_B,5.3,21.19,2.34,0.37,9.47,19.76,63.18,0,22,6,1,0
2026-01-06 22:15:00,BLDG_B,6.22,24.9,2.16,1.49,11.85,21.58,63.55,1,22,6,1,0
2026-01-06 22:30:00,BLDG_C,5.14,20.55,1.44,1.01,6.95,22.02,66.85,8,22,6,1,0
2026-01-06 22:45:00,BLDG_A,6.19,24.74,2.49,0.91,3.47,24.01,57.72,9,22,6,1,0
2026-01-06 23:00:00,BLDG_A,5.07,20.28,1.45,1.13,9.81,22.39,64.79,6,23,6,1,0
2026-01-06 23:15:00,BLDG_C,6.28,25.12,2.55,0.96,10.23,21.74,60.82,9,23,6,1,0
2026-01-06 23:30:00,BLDG_B,5.74,22.95,2.31,0.63,9.07,23.0,64.41,6,23,6,1,0
2026-01-06 23:45:00,BLDG_B,6.05,24.18,2.68,1.11,9.29,19.35,68.37,5,23,6,1,0
2026-01-07 00:00:00,BLDG_B,5.91,23.65,2.01,1.01,6.19,22.28,59.23,2,0,7,2,0
2026-01-07 00:15:00,BLDG_B,5.51,22.06,1.59,0.64,11.11,22.93,66.61,9,0,7,2,0
2026-01-07 00:30:00,BLDG_C,4.97,19.89,1.35,1.0,9.91,20.23,64.96,2,0,7,2,0
2026-01-07 00:45:00,BLDG_B,4.69,18.74,1.41,0.74,5.82,23.37,60.01,1,0,7,2,0
2026-01-07 01:00:00,BLDG_C,4.6,18.38,1.18,0.85,8.39,22.41,64.49,5,1,7,2,0
2026-01-07 01:15:00,BLDG_A,6.23,24.91,2.47,0.95,8.08,21.5,68.69,3,1,7,2,0
2026-01-07 01:30:00,BLDG_C,6.44,25.77,2.53,1.14,7.54,22.76,60.31,4,1,7,2,0
2026-01-07 01:45:00,BLDG_B,5.28,21.13,2.53,0.64,6.12,24.72,60.6,2,1,7,2,0
2026-01-07 02:00:00,BLDG_A,5.25,21.01,1.98,0.89,9.13,22.22,65.46,5,2,7,2,0
2026-01-07 02:15:00,BLDG_C,7.12,28.48,3.03,1.3,8.96,22.3,66.13,2,2,7,2,0
2026-01-07 02:30:00,BLDG_C,5.29,21.15,1.95,0.76,8.32,21.45,65.86,7,2,7,2,0
2026-01-07 02:45:00,BLDG_C,5.22,20.89,2.11,0.85,7.58,20.98,64.93,8,2,7,2,0
2026-01-07 03:00:00,BLDG_A,6.37,25.49,1.98,1.3,9.48,23.0,60.52,3,3,7,2,0
2026-01-07 03:15:00,BLDG_C,5.17,20.69,1.83,0.96,8.23,20.97,66.3,8,3,7,2,0
2026-01-07 03:30:00,BLDG_B,5.39,21.55,2.32,0.43,8.7,22.09,61.15,6,3,7,2,0
2026-01-07 03:45:00,BLDG_A,4.85,19.39,1.68,0.6,7.57,21.43,56.6,2,3,7,2,0
2026-01-07 04:00:00,BLDG_A,4.98,19.9,1.65,0.97,11.81,22.57,64.95,6,4,7,2,0
2026-01-07 04:15:00,BLDG_C,8.61,34.45,2.34,0.91,6.56,22.4,66.61,0,4,7,2,0
2026-01-07 04:30:00,BLDG_B,5.39,21.55,1.75,0.84,11.89,23.25,55.54,2,4,7,2,0
2026-01-07 04:45:00,BLDG_A,5.93,23.7,2.07,1.34,10.6,21.39,62.39,5,4,7,2,0
2026-01-07 05:00:00,BLDG_C,5.06,20.23,1.83,0.65,12.3,21.68,66.84,3,5,7,2,0
2026-01-07 05:15:00,BLDG_B,5.62,22.46,1.99,0.78,10.65,20.83,72.43,6,5,7,2,0
2026-01-07 05:30:00,BLDG_C,4.0,16.0,1.66,0.31,8.0,21.47,65.36,2,5,7,2,0
2026-01-07 05:45:00,BLDG_C,5.11,20.44,1.68,1.09,6.17,22.45,61.64,0,5,7,2,0
2026-01-07 06:00:00,BLDG_A,8.15,32.59,3.59,1.8,12.79,22.91,62.59,25,6,7,2,0
2026-01-07 06:15:00,BLDG_A,9.28,37.1,4.42,2.26,16.47,20.89,70.28,25,6,7,2,0
2026-01-07 06:30:00,BLDG_C,8.82,35.29,4.09,2.24,10.76,23.04,61.0,13,6,7,2,0
2026-01-07 06:45:00,BLDG_A,10.03,40.12,4.46,2.59,14.16,23.63,59.66,22,6,7,2,0
2026-01-07 07:00:00,BLDG_A,9.23,36.91,4.51,2.16,16.11,22.5,62.31,35,7,7,2,0
2026-01-07 07:15:00,BLDG_B,9.22,36.89,4.02,1.91,13.34,24.71,57.58,22,7,7,2,0
2026-01-07 07:30:00,BLDG_B,8.69,34.77,4.44,2.11,11.0,21.99,64.89,11,7,7,2,0
2026-01-07 07:45:00,BLDG_C,11.9,47.6,3.99,1.81,11.63,21.87,69.57,12,7,7,2,0
2026-01-07 08:00:00,BLDG_C,13.22,52.89,6.42,3.68,23.97,21.68,65.95,80,8,7,2,0
2026-01-07 08:15:00,BLDG_C,13.83,55.32,7.84,3.55,15.59,26.05,57.67,37,8,7,2,0
2026-01-07 08:30:00,BLDG_C,13.54,54.15,7.29,3.58,30.4,25.46,58.43,99,8,7,2,0
2026-01-07 08:45:00,BLDG_B,13.12,52.47,6.68,3.38,17.57,25.03,55.27,42,8,7,2,0
2026-01-07 09:00:00,BLDG_A,13.8,55.2,7.39,3.68,25.78,25.84,61.4,85,9,7,2,1
2026-01-07 09:15:00,BLDG_B,12.9,51.6,6.06,3.81,17.63,24.54,60.46,40,9,7,2,1
2026-01-07 09:30:00,BLDG_C,14.28,57.14,8.44,3.19,22.52,29.2,53.16,73,9,7,2,1
2026-01-07 09:45:00,BLDG_C,13.15,52.6,6.72,3.43,26.23,26.77,66.92,94,9,7,2,1
2026-01-07 10:00:00,BLDG_B,13.41,53.63,7.09,3.64,22.23,27.08,57.77,62,10,7,2,1
2026-01-07 10:15:00,BLDG_B,13.85,55.4,8.24,3.01,24.96,28.13,53.04,88,10,7,2,1
2026-01-07 10:30:00,BLDG_C,14.03,56.11,6.61,4.04,24.18,28.13,54.02,71,10,7,2,1
2026-01-07 10:45:00,BLDG_A,15.29,61.17,8.83,3.42,13.55,28.09,58.81,43,10,7,2,1
2026-01-07 11:00:00,BLDG_C,14.05,56.2,8.01,3.37,26.35,27.11,57.17,90,11,7,2,1
2026-01-07 11:15:00,BLDG_B,13.69,54.75,7.28,3.55,27.8,28.84,49.92,93,11,7,2,1
2026-01-07 11:30:00,BLDG_C,16.82,67.28,10.05,3.63,12.71,30.73,54.17,36,11,7,2,1
2026-01-07 11:45:00,BLDG_C,16.06,64.24,10.02,3.41,28.15,30.24,50.13,95,11,7,2,1
2026-01-07 12:00:00,BLDG_A,15.27,61.08,8.75,3.85,30.61,30.67,57.11,92,12,7,2,1
2026-01-07 12:15:00,BLDG_C,14.26,57.03,7.52,3.7,26.14,28.25,58.36,94,12,7,2,1
2026-01-07 12:30:00,BLDG_C,15.58,62.33,8.66,3.39,23.59,27.75,54.53,74,12,7,2,1
2026-01-07 12:45:00,BLDG_C,14.41,57.63,8.02,3.47,26.81,28.83,58.09,70,12,7,2,1
2026-01-07 13:00:00,BLDG_B,14.71,58.85,8.35,3.22,21.5,29.07,54.1,71,13,7,2,1
2026-01-07 13:15:00,BLDG_B,15.13,60.51,9.31,3.29,22.23,30.3,54.61,52,13,7,2,1
2026-01-07 13:30:00,BLDG_A,14.18,56.71,7.44,3.7,28.78,26.91,58.59,97,13,7,2,1
2026-01-07 13:45:00,BLDG_C,14.82,59.27,8.72,3.39,20.52,30.7,48.91,56,13,7,2,1
2026-01-07 14:00:00,BLDG_B,14.88,59.53,7.46,4.05,20.48,28.57,52.71,45,14,7,2,1
2026-01-07 14:15:00,BLDG_A,14.63,58.53,7.63,3.62,27.27,28.12,58.42,92,14,7,2,1
2026-01-07 14:30:00,BLDG_C,14.39,57.57,7.51,3.26,29.28,27.25,55.62,91,14,7,2,1
2026-01-07 14:45:00,BLDG_A,12.56,50.24,6.68,3.31,18.13,26.29,56.85,38,14,7,2,1
2026-01-07 15:00:00,BLDG_A,14.3,57.21,7.69,3.86,15.72,29.05,51.06,41,15,7,2,1
2026-01-07 15:15:00,BLDG_A,14.49,57.96,7.88,3.58,27.38,27.91,56.91,95,15,7,2,1
2026-01-07 15:30:00,BLDG_A,12.83,51.33,6.28,3.85,26.9,26.01,64.68,88,15,7,2,1
2026-01-07 15:45:00,BLDG_A,12.94,51.74,6.66,3.51,15.31,25.71,55.73,35,15,7,2,1
2026-01-07 16:00:00,BLDG_A,14.98,59.91,8.36,3.46,25.42,26.55,57.75,89,16,7,2,1
2026-01-07 16:15:00,BLDG_A,14.38,57.53,7.94,3.88,14.86,28.62,58.81,37,16,7,2,1
2026-01-07 16:30:00,BLDG_C,12.88,51.5,6.95,3.39,16.91,25.95,58.34,72,16,7,2,1
2026-01-07 16:45:00,BLDG_C,12.57,50.29,6.35,3.72,15.03,24.09,62.73,35,16,7,2,1
2026-01-07 17:00:00,BLDG_A,12.78,51.13,6.75,3.55,25.63,25.21,56.51,72,17,7,2,1
2026-01-07 17:15:00,BLDG_C,21.51,86.02,7.06,3.82,18.53,24.77,61.63,63,17,7,2,1
2026-01-07 17:30:00,BLDG_A,13.33,53.32,6.75,4.05,15.65,21.44,64.77,39,17,7,2,1
2026-01-07 17:45:00,BLDG_C,12.5,50.01,6.37,3.5,24.98,24.18,64.18,55,17,7,2,1
2026-01-07 18:00:00,BLDG_B,8.62,34.49,3.89,1.86,13.89,23.53,65.76,27,18,7,2,1
2026-01-07 18:15:00,BLDG_A,9.63,38.52,4.73,2.17,15.99,24.2,68.97,24,18,7,2,1
2026-01-07 18:30:00,BLDG_B,7.86,31.44,3.64,1.73,9.72,25.13,61.54,17,18,7,2,1
2026-01-07 18:45:00,BLDG_A,9.37,37.47,3.97,2.4,16.6,23.81,62.76,35,18,7,2,1
2026-01-07 19:00:00,BLDG_A,8.9,35.61,4.07,2.36,9.6,21.68,65.57,18,19,7,2,0
2026-01-07 19:15:00,BLDG_B,7.39,29.55,3.61,1.75,11.88,20.67,65.43,14,19,7,2,0
2026-01-07 19:30:00,BLDG_B,9.04,36.14,4.32,1.6,13.86,25.09,60.88,19,19,7,2,0
2026-01-07 19:45:00,BLDG_B,7.74,30.96,3.54,1.71,15.59,22.07,63.51,29,19,7,2,0
2026-01-07 20:00:00,BLDG_A,8.48,33.9,4.32,1.71,10.61,22.02,64.98,15,20,7,2,0
2026-01-07 20:15:00,BLDG_B,8.03,32.11,3.33,2.2,14.05,21.97,68.5,25,20,7,2,0
2026-01-07 20:30:00,BLDG_B,9.67,38.7,4.53,2.39,15.83,22.24,61.12,33,20,7,2,0
2026-01-07 20:45:00,BLDG_C,8.76,35.03,3.96,2.2,11.97,21.83,68.18,12,20,7,2,0
2026-01-07 21:00:00,BLDG_C,5.44,21.76,1.78,0.74,8.41,21.31,69.48,3,21,7,2,0
2026-01-07 21:15:00,BLDG_B,5.54,22.15,1.5,0.89,10.74,21.34,65.13,4,21,7,2,0
2026-01-07 21:30:00,BLDG_B,5.58,22.33,2.52,0.58,12.63,21.96,58.19,8,21,7,2,0
2026-01-07 21:45:00,BLDG_B,5.08,20.31,1.67,1.07,7.36,21.35,63.65,0,21,7,2,0
2026-01-07 22:00:00,BLDG_B,4.8,19.18,1.42,0.91,8.53,21.14,69.67,2,22,7,2,0
2026-01-07 22:15:00,BLDG_C,6.26,25.03,2.53,0.99,7.07,22.13,64.24,4,22,7,2,0
2026-01-07 22:30:00,BLDG_A,4.77,19.07,1.55,0.62,9.12,21.69,61.96,2,22,7,2,0
2026-01-07 22:45:00,BLDG_B,5.2,20.8,1.95,0.76,9.35,23.8,60.28,3,22,7,2,0
2026-01-07 23:00:00,BLDG_B,5.63,22.52,2.41,0.98,8.56,18.82,71.79,2,23,7,2,0
2026-01-07 23:15:00,BLDG_C,5.21,20.84,2.08,1.16,8.93,23.31,64.18,3,23,7,2,0
2026-01-07 23:30:00,BLDG_B,5.89,23.56,2.87,0.65,11.84,23.5,61.54,0,23,7,2,0
2026-01-07 23:45:00,BLDG_B,5.51,22.05,1.58,1.0,3.77,19.51,67.13,7,23,7,2,0
2026-01-08 00:00:00,BLDG_C,5.26,21.05,1.89,0.62,7.67,21.59,63.94,3,0,8,3,0
2026-01-08 00:15:00,BLDG_B,5.83,23.34,1.93,1.33,8.63,21.55,62.4,6,0,8,3,0
2026-01-08 00:30:00,BLDG_B,5.89,23.57,2.31,0.7,11.13,20.31,71.88,1,0,8,3,0
2026-01-08 00:45:00,BLDG_C,5.86,23.43,2.64,0.96,9.17,21.07,64.93,1,0,8,3,0
2026-01-08 01:00:00,BLDG_A,5.55,22.19,2.04,0.84,10.1,20.67,70.15,5,1,8,3,0
2026-01-08 01:15:00,BLDG_B,5.54,22.17,1.97,1.45,10.74,24.1,65.91,1,1,8,3,0
2026-01-08 01:30:00,BLDG_B,4.85,19.4,1.26,0.86,8.74,23.12,65.81,5,1,8,3,0
2026-01-08 01:45:00,BLDG_A,5.45,21.79,2.06,0.67,9.52,23.53,60.92,1,1,8,3,0
2026-01-08 02:00:00,BLDG_C,5.33,21.33,1.67,0.96,7.6,22.87,64.41,3,2,8,3,0
2026-01-08 02:15:00,BLDG_A,6.22,24.89,2.31,0.95,7.21,20.65,66.46,6,2,8,3,0
2026-01-08 02:30:00,BLDG_B,5.49,21.94,1.8,0.76,13.13,21.37,62.73,7,2,8,3,0
2026-01-08 02:45:00,BLDG_A,4.68,18.72,1.88,0.53,9.18,22.59,64.59,2,2,8,3,0
2026-01-08 03:00:00,BLDG_C,4.96,19.83,1.27,0.67,11.05,20.53,63.16,8,3,8,3,0
2026-01-08 03:15:00,BLDG_B,4.64,18.57,1.09,1.02,6.06,22.86,66.78,1,3,8,3,0
2026-01-08 03:30:00,BLDG_C,5.36,21.44,2.93,0.36,10.56,21.71,63.54,7,3,8,3,0
2026-01-08 03:45:00,BLDG_C,5.47,21.87,2.06,0.74,13.1,21.55,65.78,7,3,8,3,0
2026-01-08 04:00:00,BLDG_A,6.07,24.27,2.2,1.05,8.11,22.85,64.07,3,4,8,3,0
2026-01-08 04:15:00,BLDG_A,4.6,18.39,1.54,0.78,5.49,22.53,62.92,0,4,8,3,0
2026-01-08 04:30:00,BLDG_C,6.81,27.23,2.44,1.34,8.37,21.57,66.91,0,4,8,3,0
2026-01-08 04:45:00,BLDG_C,5.03,20.11,2.35,0.36,6.15,23.39,60.99,1,4,8,3,0
2026-01-08 05:00:00,BLDG_B,4.61,18.46,1.6,0.56,6.64,20.7,69.06,8,5,8,3,0
2026-01-08 05:15:00,BLDG_C,4.17,16.69,1.47,0.3,6.75,22.74,59.35,1,5,8,3,0
2026-01-08 05:30:00,BLDG_C,5.03,20.11,1.63,1.3,7.23,22.71,63.81,1,5,8,3,0
2026-01-08 05:45:00,BLDG_A,4.86,19.43,1.99,0.56,7.13,21.63,70.87,5,5,8,3,0
2026-01-08 06:00:00,BLDG_C,8.11,32.45,4.08,1.5,15.93,22.39,60.91,24,6,8,3,0
2026-01-08 06:15:00,BLDG_C,8.55,34.2,4.02,1.85,14.86,20.5,64.72,14,6,8,3,0
2026-01-08 06:30:00,BLDG_A,8.12,32.47,4.65,1.65,14.52,23.11,64.38,24,6,8,3,0
2026-01-08 06:45:00,BLDG_B,8.43,33.73,3.64,1.85,15.15,21.78,65.37,29,6,8,3,0
2026-01-08 07:00:00,BLDG_A,8.4,33.6,3.46,2.01,14.76,21.37,66.49,32,7,8,3,0
2026-01-08 07:15:00,BLDG_A,9.26,37.04,4.0,2.2,13.69,23.72,63.39,34,7,8,3,0
2026-01-08 07:30:00,BLDG_C,7.37,29.47,3.15,1.96,13.63,22.07,66.3,11,7,8,3,0
2026-01-08 07:45:00,BLDG_C,8.96,35.83,4.35,2.01,12.71,21.68,68.32,22,7,8,3,0
2026-01-08 08:00:00,BLDG_B,13.16,52.64,6.55,3.45,24.89,21.94,65.81,81,8,8,3,0
2026-01-08 08:15:00,BLDG_C,13.03,52.11,6.67,3.22,21.69,24.98,59.31,53,8,8,3,0
2026-01-08 08:30:00,BLDG_B,12.66,50.66,6.3,3.14,18.63,23.14,64.8,49,8,8,3,0
2026-01-08 08:45:00,BLDG_B,14.47,57.88,8.08,3.51,23.59,27.2,62.4,62,8,8,3,0
2026-01-08 09:00:00,BLDG_B,24.49,97.95,6.94,3.62,19.94,23.0,62.6,58,9,8,3,1
2026-01-08 09:15:00,BLDG_B,13.57,54.26,7.75,3.49,19.5,27.92,52.69,43,9,8,3,1
2026-01-08 09:30:00,BLDG_C,14.06,56.24,7.68,3.15,27.78,26.51,61.05,81,9,8,3,1
2026-01-08 09:45:00,BLDG_A,14.2,56.8,7.81,3.65,25.39,26.5,57.39,67,9,8,3,1
2026-01-08 10:00:00,BLDG_A,14.4,57.62,7.47,4.01,27.7,26.3,51.54,96,10,8,3,1
2026-01-08 10:15:00,BLDG_C,14.06,56.24,7.71,3.57,19.49,27.74,58.43,53,10,8,3,1
2026-01-08 10:30:00,BLDG_C,13.58,54.31,7.92,3.46,28.18,27.51,54.63,74,10,8,3,1
2026-01-08 10:45:00,BLDG_B,14.0,56.01,7.78,3.58,25.33,29.14,53.51,81,10,8,3,1
2026-01-08 11:00:00,BLDG_C,14.44,57.75,8.01,3.32,31.4,28.2,56.2,99,11,8,3,1
2026-01-08 11:15:00,BLDG_A,14.13,56.53,7.94,3.31,26.44,28.46,55.38,63,11,8,3,1
2026-01-08 11:30:00,BLDG_C,14.41,57.64,7.72,3.71,22.78,28.03,57.58,84,11,8,3,1
2026-01-08 11:45:00,BLDG_C,14.08,56.33,7.23,3.85,17.78,28.56,53.35,47,11,8,3,1
2026-01-08 12:00:00,BLDG_B,13.83,55.34,7.78,3.56,15.7,29.13,55.34,35,12,8,3,1
2026-01-08 12:15:00,BLDG_B,12.98,51.94,7.24,3.11,19.36,26.81,56.5,68,12,8,3,1
2026-01-08 12:30:00,BLDG_B,14.63,58.53,8.11,3.69,25.13,27.32,58.73,82,12,8,3,1
2026-01-08 12:45:00,BLDG_B,15.91,63.64,8.7,4.12,24.1,29.88,54.53,82,12,8,3,1
2026-01-08 13:00:00,BLDG_A,15.18,60.72,8.79,3.54,27.98,29.21,50.89,83,13,8,3,1
2026-01-08 13:15:00,BLDG_C,14.7,58.81,8.79,3.56,26.09,28.76,57.61,98,13,8,3,1
2026-01-08 13:30:00,BLDG_C,14.71,58.86,8.4,3.38,32.68,28.96,52.45,95,13,8,3,1
2026-01-08 13:45:00,BLDG_B,15.21,60.83,8.42,3.72,23.24,29.28,56.0,63,13,8,3,1
2026-01-08 14:00:00,BLDG_A,14.12,56.49,7.45,3.43,21.95,28.11,56.43,73,14,8,3,1
2026-01-08 14:15:00,BLDG_A,15.57,62.3,8.79,3.86,23.25,27.69,61.47,60,14,8,3,1
2026-01-08 14:30:00,BLDG_C,13.23,52.93,7.44,3.44,20.41,28.7,53.78,51,14,8,3,1
2026-01-08 14:45:00,BLDG_B,13.98,55.93,7.65,3.69,18.26,27.1,55.8,47,14,8,3,1
2026-01-08 15:00:00,BLDG_C,15.04,60.15,8.51,3.59,19.76,28.55,54.61,60,15,8,3,1
2026-01-08 15:15:00,BLDG_C,14.7,58.82,7.55,3.99,27.36,25.78,57.92,83,15,8,3,1
2026-01-08 15:30:00,BLDG_A,14.21,56.85,7.6,3.7,17.27,28.79,56.72,41,15,8,3,1
2026-01-08 15:45:00,BLDG_A,21.74,86.94,7.63,3.95,26.86,27.83,50.91,92,15,8,3,1
2026-01-08 16:00:00,BLDG_C,13.98,55.92,7.24,3.63,23.57,27.26,53.45,83,16,8,3,1
2026-01-08 16:15:00,BLDG_B,13.08,52.34,6.84,3.56,25.44,27.79,52.6,87,16,8,3,1
2026-01-08 16:30:00,BLDG_B,14.63,58.53,8.06,3.59,28.77,28.26,57.96,99,16,8,3,1
2026-01-08 16:45:00,BLDG_C,13.83,55.33,7.23,3.41,31.44,27.11,61.97,96,16,8,3,1
2026-01-08 17:00:00,BLDG_C,13.97,55.89,7.25,3.73,20.94,23.29,62.25,51,17,8,3,1
2026-01-08 17:15:00,BLDG_B,13.28,53.1,6.81,3.43,24.04,23.56,61.65,77,17,8,3,1
2026-01-08 17:30:00,BLDG_B,13.12,52.49,6.52,3.63,20.16,23.93,61.82,59,17,8,3,1
2026-01-08 17:45:00,BLDG_B,12.63,50.53,6.36,3.81,18.12,24.28,64.56,37,17,8,3,1
2026-01-08 18:00:00,BLDG_C,9.28,37.11,4.21,2.4,11.17,24.43,58.07,12,18,8,3,1
2026-01-08 18:15:00,BLDG_A,8.37,33.47,3.87,2.04,15.11,22.49,64.47,30,18,8,3,1
2026-01-08 18:30:00,BLDG_B,8.88,35.51,4.03,2.22,14.29,23.14,65.72,35,18,8,3,1
2026-01-08 18:45:00,BLDG_B,9.48,37.94,4.95,2.19,13.25,21.55,66.68,25,18,8,3,1
2026-01-08 19:00:00,BLDG_B,8.15,32.58,3.47,1.9,11.31,21.27,66.17,15,19,8,3,0
2026-01-08 19:15:00,BLDG_C,8.58,34.33,3.92,2.53,15.3,20.31,70.04,34,19,8,3,0
2026-01-08 19:30:00,BLDG_A,9.11,36.42,4.35,1.86,14.09,20.89,58.05,21,19,8,3,0
2026-01-08 19:45:00,BLDG_A,8.54,34.14,3.8,2.02,13.93,20.38,68.97,20,19,8,3,0
2026-01-08 20:00:00,BLDG_B,10.4,41.58,4.79,2.36,11.44,20.83,64.29,24,20,8,3,0
2026-01-08 20:15:00,BLDG_C,9.32,37.28,4.34,2.36,12.28,23.26,57.11,24,20,8,3,0
2026-01-08 20:30:00,BLDG_A,8.26,33.06,3.64,2.0,12.13,20.86,67.74,25,20,8,3,0
2026-01-08 20:45:00,BLDG_C,9.68,38.74,4.51,2.25,14.96,25.16,63.88,19,20,8,3,0
2026-01-08 21:00:00,BLDG_A,5.05,20.18,1.65,0.74,13.17,22.59,63.2,3,21,8,3,0
2026-01-08 21:15:00,BLDG_B,7.17,28.69,1.6,0.68,7.29,22.22,67.03,1,21,8,3,0
2026-01-08 21:30:00,BLDG_C,5.34,21.36,1.93,0.5,7.67,20.97,70.88,0,21,8,3,0
2026-01-08 21:45:00,BLDG_B,6.21,24.83,2.63,0.98,11.66,22.84,67.18,9,21,8,3,0
2026-01-08 22:00:00,BLDG_A,6.36,25.46,2.37,1.01,8.35,21.31,70.46,8,22,8,3,0
2026-01-08 22:15:00,BLDG_A,4.81,19.23,1.99,0.66,11.05,22.15,66.51,6,22,8,3,0
2026-01-08 22:30:00,BLDG_B,6.74,26.97,2.77,0.87,8.62,25.07,60.12,3,22,8,3,0
2026-01-08 22:45:00,BLDG_A,5.64,22.58,2.13,1.46,5.61,21.88,59.87,5,22,8,3,0
2026-01-08 23:00:00,BLDG_B,5.49,21.97,1.42,1.09,5.62,23.38,61.69,1,23,8,3,0
2026-01-08 23:15:00,BLDG_B,4.57,18.29,1.93,0.57,8.64,21.16,63.24,6,23,8,3,0
2026-01-08 23:30:00,BLDG_B,6.27,25.07,1.96,1.05,10.67,21.96,71.08,1,23,8,3,0
2026-01-08 23:45:00,BLDG_A,5.67,22.69,2.42,0.58,8.19,24.12,60.78,9,23,8,3,0
2026-01-09 00:00:00,BLDG_C,4.36,17.44,1.72,0.3,8.47,21.25,66.0,7,0,9,4,0
2026-01-09 00:15:00,BLDG_B,5.61,22.44,1.6,0.79,9.96,24.17,62.89,7,0,9,4,0
2026-01-09 00:30:00,BLDG_C,5.41,21.65,1.98,1.19,4.66,22.85,63.36,0,0,9,4,0
2026-01-09 00:45:00,BLDG_A,5.41,21.64,1.68,1.15,10.14,21.33,70.6,7,0,9,4,0
2026-01-09 01:00:00,BLDG_A,6.09,24.36,1.84,0.89,5.13,22.76,61.49,1,1,9,4,0
2026-01-09 01:15:00,BLDG_C,5.4,21.59,1.96,0.66,10.23,23.17,63.33,5,1,9,4,0
2026-01-09 01:30:00,BLDG_B,4.72,18.87,1.81,0.92,6.38,22.75,61.15,0,1,9,4,0
2026-01-09 01:45:00,BLDG_A,5.74,22.95,2.48,0.73,7.0,20.12,63.37,4,1,9,4,0
2026-01-09 02:00:00,BLDG_B,5.92,23.67,2.71,0.67,9.87,21.13,63.97,6,2,9,4,0
2026-01-09 02:15:00,BLDG_B,6.23,24.91,2.43,1.07,11.57,21.7,64.83,9,2,9,4,0
2026-01-09 02:30:00,BLDG_C,4.4,17.6,1.11,0.67,8.75,21.91,63.35,0,2,9,4,0
2026-01-09 02:45:00,BLDG_A,5.55,22.22,1.68,1.08,8.64,22.74,61.31,1,2,9,4,0
2026-01-09 03:00:00,BLDG_C,4.75,19.0,1.91,0.65,9.76,22.21,59.96,6,3,9,4,0
2026-01-09 03:15:00,BLDG_A,4.88,19.5,1.08,1.31,9.86,20.4,66.65,5,3,9,4,0
2026-01-09 03:30:00,BLDG_C,4.69,18.74,1.56,0.39,9.34,22.46,59.3,2,3,9,4,0
2026-01-09 03:45:00,BLDG_A,4.87,19.5,1.9,0.56,9.19,22.73,65.68,9,3,9,4,0
2026-01-09 04:00:00,BLDG_A,5.51,22.03,1.78,0.76,9.53,22.67,63.74,1,4,9,4,0
2026-01-09 04:15:00,BLDG_A,4.71,18.85,2.0,0.3,8.38,23.3,58.18,9,4,9,4,0
2026-01-09 04:30:00,BLDG_B,4.32,17.26,1.31,0.3,10.84,23.0,62.07,3,4,9,4,0
2026-01-09 04:45:00,BLDG_B,4.69,18.78,1.77,0.31,10.0,22.55,61.42,2,4,9,4,0
2026-01-09 05:00:00,BLDG_C,5.2,20.82,2.08,0.73,13.68,21.92,65.58,6,5,9,4,0
2026-01-09 05:15:00,BLDG_C,5.42,21.66,2.01,0.73,10.57,20.01,71.51,7,5,9,4,0
2026-01-09 05:30:00,BLDG_A,5.36,21.45,2.22,0.88,10.04,22.52,58.1,1,5,9,4,0
2026-01-09 05:45:00,BLDG_A,5.41,21.66,2.19,0.75,6.86,22.25,64.47,9,5,9,4,0
2026-01-09 06:00:00,BLDG_B,8.6,34.41,3.8,2.07,14.72,22.33,63.53,22,6,9,4,0
2026-01-09 06:15:00,BLDG_B,8.27,33.08,4.06,1.89,16.73,20.47,68.81,29,6,9,4,0
2026-01-09 06:30:00,BLDG_B,8.68,34.71,3.6,2.18,14.09,20.7,67.09,14,6,9,4,0
2026-01-09 06:45:00,BLDG_C,8.75,35.02,3.86,2.15,10.88,23.26,60.35,12,6,9,4,0
2026-01-09 07:00:00,BLDG_B,8.24,32.96,3.47,1.92,12.6,21.95,63.61,24,7,9,4,0
2026-01-09 07:15:00,BLDG_C,9.3,37.19,4.53,2.13,8.68,23.28,60.2,13,7,9,4,0
2026-01-09 07:30:00,BLDG_B,8.14,32.56,3.86,1.95,11.28,22.95,66.31,24,7,9,4,0
2026-01-09 07:45:00,BLDG_B,8.85,35.39,4.53,1.62,13.01,23.4,62.46,23,7,9,4,0
2026-01-09 08:00:00,BLDG_A,13.76,55.04,6.98,3.83,17.48,24.94,65.8,59,8,9,4,0
2026-01-09 08:15:00,BLDG_C,11.9,47.61,6.06,3.37,21.86,23.63,61.87,70,8,9,4,0
2026-01-09 08:30:00,BLDG_B,13.15,52.62,6.9,3.82,17.42,24.79,58.18,42,8,9,4,0
2026-01-09 08:45:00,BLDG_A,13.63,54.51,7.09,3.68,28.37,24.54,56.15,92,8,9,4,0
2026-01-09 09:00:00,BLDG_C,13.12,52.49,6.8,3.58,23.44,24.98,54.62,79,9,9,4,1
2026-01-09 09:15:00,BLDG_C,13.09,52.38,7.07,3.13,26.65,25.52,54.47,96,9,9,4,1
2026-01-09 09:30:00,BLDG_B,13.83,55.34,7.11,3.98,21.89,26.53,58.51,73,9,9,4,1
2026-01-09 09:45:00,BLDG_C,13.7,54.8,7.23,3.51,27.8,26.04,59.96,92,9,9,4,1
2026-01-09 10:00:00,BLDG_A,15.31,61.25,8.18,3.76,33.82,28.46,50.07,98,10,9,4,1
2026-01-09 10:15:00,BLDG_A,13.62,54.48,6.98,3.57,27.28,26.19,60.9,78,10,9,4,1
2026-01-09 10:30:00,BLDG_C,13.51,54.04,7.13,3.53,22.29,27.33,55.06,63,10,9,4,1
2026-01-09 10:45:00,BLDG_A,14.56,58.22,8.3,3.65,29.57,27.29,57.0,93,10,9,4,1
2026-01-09 11:00:00,BLDG_C,15.01,60.06,8.83,3.61,19.49,29.8,57.64,43,11,9,4,1
2026-01-09 11:15:00,BLDG_A,14.36,57.46,7.81,3.53,18.15,28.51,57.42,40,11,9,4,1
2026-01-09 11:30:00,BLDG_C,14.87,59.48,8.61,3.59,21.24,29.71,52.14,63,11,9,4,1
2026-01-09 11:45:00,BLDG_C,13.07,52.29,6.76,3.71,26.55,26.85,54.56,92,11,9,4,1
2026-01-09 12:00:00,BLDG_C,14.43,57.71,7.29,3.72,18.97,29.08,47.42,51,12,9,4,1
2026-01-09 12:15:00,BLDG_A,16.0,64.01,9.12,3.61,21.01,29.93,50.44,50,12,9,4,1
2026-01-09 12:30:00,BLDG_C,14.83,59.32,8.38,3.76,15.6,29.04,53.31,37,12,9,4,1
2026-01-09 12:45:00,BLDG_C,14.61,58.42,8.67,3.49,17.89,30.26,49.14,55,12,9,4,1
2026-01-09 13:00:00,BLDG_B,15.41,61.66,8.15,4.16,26.11,28.38,54.54,98,13,9,4,1
2026-01-09 13:15:00,BLDG_B,17.12,68.49,10.45,3.97,23.16,30.68,51.72,70,13,9,4,1
2026-01-09 13:30:00,BLDG_C,16.59,66.37,9.63,3.79,27.07,31.7,49.28,96,13,9,4,1
2026-01-09 13:45:00,BLDG_B,13.35,53.41,7.53,3.11,23.85,28.43,52.9,76,13,9,4,1
2026-01-09 14:00:00,BLDG_C,14.3,57.2,7.14,3.75,27.63,28.23,55.67,76,14,9,4,1
2026-01-09 14:15:00,BLDG_B,15.55,62.2,9.26,3.52,28.79,30.37,53.27,95,14,9,4,1
2026-01-09 14:30:00,BLDG_A,15.97,63.89,9.15,3.36,16.84,30.36,48.68,47,14,9,4,1
2026-01-09 14:45:00,BLDG_A,14.41,57.64,8.07,3.51,18.52,27.65,60.26,45,14,9,4,1
2026-01-09 15:00:00,BLDG_C,14.11,56.42,7.34,3.38,31.2,27.56,55.87,88,15,9,4,1
2026-01-09 15:15:00,BLDG_C,14.25,56.99,7.9,3.73,18.76,27.48,56.33,50,15,9,4,1
2026-01-09 15:30:00,BLDG_A,13.12,52.46,6.82,4.0,12.53,25.94,60.71,42,15,9,4,1
2026-01-09 15:45:00,BLDG_A,13.65,54.59,7.59,3.81,29.76,26.16,58.96,93,15,9,4,1
2026-01-09 16:00:00,BLDG_B,15.21,60.83,7.6,4.29,28.71,25.74,61.74,91,16,9,4,1
2026-01-09 16:15:00,BLDG_C,12.92,51.68,6.82,3.21,24.46,25.69,59.82,74,16,9,4,1
2026-01-09 16:30:00,BLDG_A,13.86,55.45,7.84,3.47,28.02,26.22,56.33,93,16,9,4,1
2026-01-09 16:45:00,BLDG_A,13.79,55.16,7.32,3.36,14.31,26.17,59.33,36,16,9,4,1
2026-01-09 17:00:00,BLDG_C,14.99,59.95,7.92,3.91,20.71,27.36,53.03,44,17,9,4,1
2026-01-09 17:15:00,BLDG_B,12.63,50.51,5.85,3.54,21.48,23.9,61.98,78,17,9,4,1
2026-01-09 17:30:00,BLDG_B,13.27,53.09,7.27,3.65,17.28,25.86,58.61,45,17,9,4,1
2026-01-09 17:45:00,BLDG_B,13.02,52.09,6.16,3.76,15.26,23.99,60.89,36,17,9,4,1
2026-01-09 18:00:00,BLDG_B,8.71,34.85,4.24,1.64,14.99,23.75,61.49,24,18,9,4,1
2026-01-09 18:15:00,BLDG_A,9.84,39.35,4.79,1.84,17.95,24.18,55.59,34,18,9,4,1
2026-01-09 18:30:00,BLDG_C,9.27,37.06,4.14,2.25,13.93,21.57,63.5,29,18,9,4,1
2026-01-09 18:45:00,BLDG_C,8.15,32.6,3.55,1.86,12.35,22.92,63.4,18,18,9,4,1
2026-01-09 19:00:00,BLDG_A,8.93,35.74,4.31,1.57,11.42,22.2,64.68,13,19,9,4,0
2026-01-09 19:15:00,BLDG_A,8.97,35.89,4.2,1.77,16.05,22.59,60.53,27,19,9,4,0
2026-01-09 19:30:00,BLDG_A,10.02,40.09,5.03,1.93,16.01,22.35,67.78,27,19,9,4,0
2026-01-09 19:45:00,BLDG_C,9.0,36.01,4.46,2.04,10.0,24.95,57.48,14,19,9,4,0
2026-01-09 20:00:00,BLDG_C,8.37,33.47,3.71,1.98,15.26,21.23,68.56,29,20,9,4,0
2026-01-09 20:15:00,BLDG_C,8.45,33.79,4.39,1.85,15.81,21.36,66.74,32,20,9,4,0
2026-01-09 20:30:00,BLDG_B,8.69,34.74,3.94,2.23,12.17,21.25,63.68,20,20,9,4,0
2026-01-09 20:45:00,BLDG_A,8.92,35.69,4.04,1.97,11.83,21.33,70.83,14,20,9,4,0
2026-01-09 21:00:00,BLDG_A,5.19,20.78,1.54,0.85,9.14,21.24,62.07,5,21,9,4,0
2026-01-09 21:15:00,BLDG_A,4.94,19.77,1.94,0.66,9.2,23.43,65.12,4,21,9,4,0
2026-01-09 21:30:00,BLDG_C,6.16,24.63,2.02,1.18,5.29,23.7,64.94,0,21,9,4,0
2026-01-09 21:45:00,BLDG_A,6.13,24.52,1.94,0.7,6.6,21.32,63.52,2,21,9,4,0
2026-01-09 22:00:00,BLDG_A,4.9,19.59,1.7,0.82,9.64,21.0,70.18,0,22,9,4,0
2026-01-09 22:15:00,BLDG_B,5.74,22.95,2.14,1.06,6.46,22.57,62.9,4,22,9,4,0
2026-01-09 22:30:00,BLDG_C,4.87,19.48,1.54,0.87,9.82,21.34,66.36,4,22,9,4,0
2026-01-09 22:45:00,BLDG_A,4.89,19.56,1.42,0.86,8.94,22.76,64.14,5,22,9,4,0
2026-01-09 23:00:00,BLDG_C,5.42,21.67,2.35,0.31,11.6,22.24,63.73,7,23,9,4,0
2026-01-09 23:15:00,BLDG_C,5.74,22.96,2.31,0.97,11.28,20.18,69.66,9,23,9,4,0
2026-01-09 23:30:00,BLDG_C,4.68,18.73,1.35,0.81,7.09,23.86,64.09,0,23,9,4,0
2026-01-09 23:45:00,BLDG_B,4.72,18.9,1.14,0.94,8.21,24.16,56.02,3,23,9,4,0
2026-01-10 00:00:00,BLDG_C,5.07,20.29,1.5,0.85,6.01,21.26,69.52,9,0,10,5,0
2026-01-10 00:15:00,BLDG_C,5.65,22.61,1.94,0.66,7.74,21.53,60.21,0,0,10,5,0
2026-01-10 00:30:00,BLDG_C,6.2,24.82,2.58,1.02,7.22,22.34,67.08,8,0,10,5,0
2026-01-10 00:45:00,BLDG_A,5.24,20.95,1.92,0.85,8.88,22.4,67.28,6,0,10,5,0
2026-01-10 01:00:00,BLDG_B,4.92,19.69,1.62,0.48,8.04,22.79,60.04,6,1,10,5,0
2026-01-10 01:15:00,BLDG_A,6.07,24.29,2.22,1.13,7.13,24.41,59.65,4,1,10,5,0
2026-01-10 01:30:00,BLDG_B,5.0,20.01,1.94,0.44,11.7,21.79,61.5,6,1,10,5,0
2026-01-10 01:45:00,BLDG_B,5.07,20.26,1.31,1.03,5.67,21.04,65.29,1,1,10,5,0
2026-01-10 02:00:00,BLDG_C,4.97,19.88,1.31,1.17,6.73,20.34,66.06,3,2,10,5,0
2026-01-10 02:15:00,BLDG_C,4.31,17.24,1.33,0.52,7.92,21.12,68.15,6,2,10,5,0
2026-01-10 02:30:00,BLDG_A,6.05,24.21,3.24,0.77,7.48,21.96,68.49,2,2,10,5,0
2026-01-10 02:45:00,BLDG_B,5.73,22.91,2.48,0.75,6.47,24.15,65.46,1,2,10,5,0
2026-01-10 03:00:00,BLDG_C,4.57,18.28,1.7,0.76,9.26,21.38,63.75,9,3,10,5,0
2026-01-10 03:15:00,BLDG_C,6.25,25.01,2.55,1.26,8.82,22.27,63.47,1,3,10,5,0
2026-01-10 03:30:00,BLDG_C,5.06,20.22,1.72,0.53,9.34,21.98,59.48,0,3,10,5,0
2026-01-10 03:45:00,BLDG_C,5.46,21.84,2.54,0.72,10.12,23.43,59.94,4,3,10,5,0
2026-01-10 04:00:00,BLDG_A,6.1,24.4,2.4,1.18,5.28,25.03,62.85,5,4,10,5,0
2026-01-10 04:15:00,BLDG_A,5.06,20.23,1.67,0.72,9.86,21.36,70.3,5,4,10,5,0
2026-01-10 04:30:00,BLDG_C,5.49,21.98,2.34,0.57,10.64,21.41,61.68,8,4,10,5,0
2026-01-10 04:45:00,BLDG_C,5.4,21.6,2.07,0.87,7.34,23.25,60.84,3,4,10,5,0
2026-01-10 05:00:00,BLDG_C,5.97,23.87,2.2,1.0,11.34,22.82,63.19,0,5,10,5,0
2026-01-10 05:15:00,BLDG_C,5.69,22.77,2.18,0.7,11.28,24.22,62.02,5,5,10,5,0
2026-01-10 05:30:00,BLDG_C,5.67,22.68,2.1,0.94,8.51,22.7,61.02,4,5,10,5,0
2026-01-10 05:45:00,BLDG_B,5.36,21.44,2.4,0.46,8.79,21.57,66.42,9,5,10,5,0
2026-01-10 06:00:00,BLDG_B,9.93,39.73,5.29,1.67,14.16,22.71,62.02,13,6,10,5,0
2026-01-10 06:15:00,BLDG_B,8.79,35.17,4.62,1.89,11.48,23.33,62.46,16,6,10,5,0
2026-01-10 06:30:00,BLDG_B,9.2,36.81,4.11,2.15,15.87,22.98,64.66,35,6,10,5,0
2026-01-10 06:45:00,BLDG_C,8.86,35.45,3.84,2.19,13.42,22.61,63.61,24,6,10,5,0
2026-01-10 07:00:00,BLDG_B,8.44,33.77,3.9,1.7,18.55,23.28,61.27,27,7,10,5,0
2026-01-10 07:15:00,BLDG_B,8.23,32.93,3.37,2.18,12.19,23.86,61.38,21,7,10,5,0
2026-01-10 07:30:00,BLDG_A,8.71,34.85,4.53,2.04,13.67,24.57,60.38,26,7,10,5,0
2026-01-10 07:45:00,BLDG_B,8.37,33.47,3.54,1.78,8.54,24.14,60.17,10,7,10,5,0
2026-01-10 08:00:00,BLDG_B,12.75,50.99,6.31,3.27,27.68,23.61,61.31,93,8,10,5,0
2026-01-10 08:15:00,BLDG_C,13.12,52.5,6.98,3.66,18.04,24.43,65.66,55,8,10,5,0
2026-01-10 08:30:00,BLDG_B,14.16,56.65,7.13,3.92,25.74,26.13,59.99,88,8,10,5,0
2026-01-10 08:45:00,BLDG_B,12.74,50.95,6.29,3.61,18.46,24.12,60.44,64,8,10,5,0
2026-01-10 09:00:00,BLDG_C,12.69,50.76,6.58,3.37,27.8,25.94,60.68,82,9,10,5,1
2026-01-10 09:15:00,BLDG_B,13.94,55.77,7.6,3.13,23.49,25.42,58.37,69,9,10,5,1
2026-01-10 09:30:00,BLDG_C,13.6,54.42,6.89,3.98,24.32,26.3,61.58,72,9,10,5,1
2026-01-10 09:45:00,BLDG_B,14.76,59.04,7.66,3.86,22.2,28.15,56.38,65,9,10,5,1
2026-01-10 10:00:00,BLDG_A,13.37,53.46,6.72,3.68,20.9,27.18,56.41,58,10,10,5,1
2026-01-10 10:15:00,BLDG_A,14.85,59.4,7.65,3.97,29.5,27.32,57.87,83,10,10,5,1
2026-01-10 10:30:00,BLDG_B,13.65,54.6,7.01,3.66,20.98,25.92,53.9,66,10,10,5,1
2026-01-10 10:45:00,BLDG_A,14.79,59.16,8.24,3.47,28.14,28.72,51.05,89,10,10,5,1
2026-01-10 11:00:00,BLDG_C,14.34,57.36,7.61,3.74,28.79,28.84,50.66,92,11,10,5,1
2026-01-10 11:15:00,BLDG_B,15.22,60.9,9.27,3.39,18.42,30.87,51.62,37,11,10,5,1
2026-01-10 11:30:00,BLDG_C,13.16,52.65,7.01,3.35,18.56,28.1,60.55,44,11,10,5,1
2026-01-10 11:45:00,BLDG_A,15.06,60.25,8.17,3.79,21.96,28.89,60.86,59,11,10,5,1
2026-01-10 12:00:00,BLDG_C,15.25,61.02,8.33,3.81,26.38,29.06,55.82,95,12,10,5,1
2026-01-10 12:15:00,BLDG_A,15.13,60.52,8.89,3.28,20.24,30.76,52.86,63,12,10,5,1
2026-01-10 12:30:00,BLDG_A,13.69,54.76,8.27,3.29,17.33,28.83,48.86,53,12,10,5,1
2026-01-10 12:45:00,BLDG_A,14.98,59.92,8.76,3.49,19.99,29.32,51.89,77,12,10,5,1
2026-01-10 13:00:00,BLDG_C,15.46,61.83,9.17,3.42,30.79,29.73,50.54,100,13,10,5,1
2026-01-10 13:15:00,BLDG_A,14.56,58.24,8.25,3.72,28.38,29.21,51.82,95,13,10,5,1
2026-01-10 13:30:00,BLDG_B,14.33,57.31,7.56,3.61,25.74,28.4,54.39,77,13,10,5,1
2026-01-10 13:45:00,BLDG_A,14.66,58.66,8.56,3.89,21.05,29.1,52.44,59,13,10,5,1
2026-01-10 14:00:00,BLDG_B,15.21,60.85,8.48,3.68,20.36,30.05,46.49,54,14,10,5,1
2026-01-10 14:15:00,BLDG_B,15.09,60.36,8.32,3.44,28.72,27.4,58.65,82,14,10,5,1
2026-01-10 14:30:00,BLDG_B,13.69,54.78,7.82,3.13,20.77,28.63,51.34,58,14,10,5,1
2026-01-10 14:45:00,BLDG_B,13.69,54.74,7.27,3.64,19.24,27.44,57.06,45,14,10,5,1
2026-01-10 15:00:00,BLDG_C,14.86,59.45,8.5,3.17,26.98,29.5,59.48,89,15,10,5,1
2026-01-10 15:15:00,BLDG_B,12.38,49.53,6.33,3.44,23.29,25.99,55.75,62,15,10,5,1
2026-01-10 15:30:00,BLDG_A,13.8,55.18,7.28,3.42,26.86,26.88,49.58,97,15,10,5,1
2026-01-10 15:45:00,BLDG_B,13.7,54.82,7.64,3.47,24.78,27.72,55.07,93,15,10,5,1
2026-01-10 16:00:00,BLDG_A,14.02,56.07,8.3,3.27,20.79,28.83,57.56,39,16,10,5,1
2026-01-10 16:15:00,BLDG_C,13.35,53.41,6.89,3.42,30.37,26.54,63.57,85,16,10,5,1
2026-01-10 16:30:00,BLDG_B,13.24,52.96,6.62,3.89,16.21,25.6,55.42,55,16,10,5,1
2026-01-10 16:45:00,BLDG_A,14.67,58.68,8.53,3.89,18.05,28.15,56.77,46,16,10,5,1
2026-01-10 17:00:00,BLDG_C,13.8,55.21,6.49,3.98,26.78,23.76,60.46,84,17,10,5,1
2026-01-10 17:15:00,BLDG_C,13.18,52.71,6.93,3.6,17.81,22.46,63.5,38,17,10,5,1
2026-01-10 17:30:00,BLDG_A,13.4,53.58,6.65,3.67,28.2,25.21,67.62,76,17,10,5,1
2026-01-10 17:45:00,BLDG_B,13.67,54.68,6.47,3.89,21.72,23.65,57.52,72,17,10,5,1
2026-01-10 18:00:00,BLDG_C,8.51,34.02,4.11,1.63,12.8,22.59,64.38,31,18,10,5,1
2026-01-10 18:15:00,BLDG_A,10.22,40.86,4.95,2.2,12.18,24.22,62.58,19,18,10,5,1
2026-01-10 18:30:00,BLDG_B,8.63,34.51,3.89,2.33,11.35,23.21,65.95,24,18,10,5,1
2026-01-10 18:45:00,BLDG_C,8.71,34.82,3.92,1.78,5.65,21.78,65.12,14,18,10,5,1
2026-01-10 19:00:00,BLDG_A,9.36,37.45,4.55,2.35,14.37,20.46,67.73,31,19,10,5,0
2026-01-10 19:15:00,BLDG_C,8.88,35.53,3.81,2.51,15.22,23.05,61.75,25,19,10,5,0
2026-01-10 19:30:00,BLDG_C,8.59,34.37,4.14,2.19,12.8,22.78,64.14,22,19,10,5,0
2026-01-10 19:45:00,BLDG_A,9.48,37.9,4.51,2.15,16.07,21.88,63.65,31,19,10,5,0
2026-01-10 20:00:00,BLDG_C,8.44,33.77,3.79,1.72,16.44,24.22,63.04,34,20,10,5,0
2026-01-10 20:15:00,BLDG_A,9.35,37.41,4.17,2.27,12.33,20.72,65.32,29,20,10,5,0
2026-01-10 20:30:00,BLDG_B,8.9,35.59,4.87,1.74,14.08,20.17,68.38,27,20,10,5,0
2026-01-10 20:45:00,BLDG_A,9.31,37.22,4.46,2.09,9.35,21.17,65.66,20,20,10,5,0
2026-01-10 21:00:00,BLDG_B,5.79,23.17,2.14,0.92,7.2,21.95,67.96,1,21,10,5,0
2026-01-10 21:15:00,BLDG_C,5.01,20.05,1.89,0.3,9.42,22.29,63.91,6,21,10,5,0
2026-01-10 21:30:00,BLDG_A,5.01,20.06,1.7,0.9,9.76,21.71,59.62,8,21,10,5,0
2026-01-10 21:45:00,BLDG_A,4.81,19.24,1.51,1.46,6.74,22.42,67.65,6,21,10,5,0
2026-01-10 22:00:00,BLDG_A,5.87,23.48,2.75,0.3,6.92,20.5,64.04,5,22,10,5,0
2026-01-10 22:15:00,BLDG_A,6.06,24.24,2.66,0.79,10.56,23.73,59.94,9,22,10,5,0
2026-01-10 22:30:00,BLDG_B,4.71,18.85,1.67,0.31,9.65,21.9,62.86,0,22,10,5,0
2026-01-10 22:45:00,BLDG_B,5.36,21.44,2.17,0.58,9.57,23.34,66.61,9,22,10,5,0
2026-01-10 23:00:00,BLDG_C,5.08,20.33,2.06,0.32,9.25,22.41,57.48,8,23,10,5,0
2026-01-10 23:15:00,BLDG_C,6.31,25.26,2.59,0.84,10.74,22.55,73.09,4,23,10,5,0
2026-01-10 23:30:00,BLDG_C,5.24,20.97,2.19,1.0,7.34,22.68,66.64,4,23,10,5,0
2026-01-10 23:45:00,BLDG_C,5.92,23.69,1.99,0.9,12.55,22.54,64.36,5,23,10,5,0
2026-01-11 00:00:00,BLDG_A,4.85,19.39,1.73,0.57,7.07,22.77,63.18,8,0,11,6,0
2026-01-11 00:15:00,BLDG_B,5.98,23.92,2.17,0.65,11.64,23.59,62.96,7,0,11,6,0
2026-01-11 00:30:00,BLDG_B,5.22,20.86,1.83,0.87,10.62,22.24,65.71,7,0,11,6,0
2026-01-11 00:45:00,BLDG_B,5.2,20.79,2.11,0.58,14.36,22.85,65.16,7,0,11,6,0
2026-01-11 01:00:00,BLDG_B,4.97,19.89,1.96,0.47,5.76,21.89,66.33,0,1,11,6,0
2026-01-11 01:15:00,BLDG_C,5.25,21.02,1.81,0.74,3.33,23.73,62.18,0,1,11,6,0
2026-01-11 01:30:00,BLDG_A,4.68,18.7,1.51,0.56,12.04,21.19,65.13,7,1,11,6,0
2026-01-11 01:45:00,BLDG_B,5.98,23.91,2.31,0.9,5.94,24.16,60.8,4,1,11,6,0
2026-01-11 02:00:00,BLDG_A,5.69,22.78,2.02,1.12,10.99,21.95,63.99,8,2,11,6,0
2026-01-11 02:15:00,BLDG_A,7.01,28.05,2.89,1.45,10.58,20.28,70.48,1,2,11,6,0
2026-01-11 02:30:00,BLDG_A,5.7,22.79,1.48,0.88,10.52,22.15,66.05,8,2,11,6,0
2026-01-11 02:45:00,BLDG_A,6.03,24.13,2.31,0.96,10.0,21.18,56.9,7,2,11,6,0
2026-01-11 03:00:00,BLDG_B,5.4,21.59,1.96,0.65,10.56,23.01,64.95,8,3,11,6,0
2026-01-11 03:15:00,BLDG_B,5.93,23.72,3.05,0.67,10.33,21.22,66.26,3,3,11,6,0
2026-01-11 03:30:00,BLDG_B,6.44,25.76,2.27,1.12,9.17,21.46,65.25,0,3,11,6,0
2026-01-11 03:45:00,BLDG_C,5.8,23.19,2.16,0.73,5.57,19.73,66.74,0,3,11,6,0
2026-01-11 04:00:00,BLDG_B,5.25,21.01,1.96,0.82,12.53,21.46,68.69,4,4,11,6,0
2026-01-11 04:15:00,BLDG_C,5.69,22.77,1.65,1.11,8.32,19.09,71.71,1,4,11,6,0
2026-01-11 04:30:00,BLDG_C,5.65,22.58,2.16,0.73,10.58,20.1,65.03,7,4,11,6,0
2026-01-11 04:45:00,BLDG_C,5.17,20.68,1.31,1.18,11.4,22.91,64.35,9,4,11,6,0
2026-01-11 05:00:00,BLDG_B,5.33,21.32,1.33,0.94,11.19,22.94,60.17,4,5,11,6,0
2026-01-11 05:15:00,BLDG_B,5.93,23.72,2.51,0.91,10.98,22.51,59.6,4,5,11,6,0
2026-01-11 05:30:00,BLDG_B,4.17,16.67,1.12,0.64,8.48,20.84,64.36,1,5,11,6,0
2026-01-11 05:45:00,BLDG_C,5.47,21.89,1.84,0.93,9.45,21.94,67.17,6,5,11,6,0
2026-01-11 06:00:00,BLDG_C,8.23,32.94,3.48,1.89,13.88,22.0,67.37,23,6,11,6,0
2026-01-11 06:15:00,BLDG_A,16.65,66.59,3.8,2.12,15.26,20.61,68.12,23,6,11,6,0
2026-01-11 06:30:00,BLDG_C,8.65,34.62,4.09,1.97,8.85,23.8,63.97,14,6,11,6,0
2026-01-11 06:45:00,BLDG_C,9.21,36.83,4.49,2.24,15.23,23.05,64.47,27,6,11,6,0
2026-01-11 07:00:00,BLDG_B,10.06,40.25,4.61,1.99,13.49,21.73,62.97,33,7,11,6,0
2026-01-11 07:15:00,BLDG_A,8.48,33.9,3.54,2.51,16.76,22.49,65.06,23,7,11,6,0
2026-01-11 07:30:00,BLDG_A,8.38,33.53,3.77,1.93,11.15,23.16,65.16,11,7,11,6,0
2026-01-11 07:45:00,BLDG_A,10.85,43.4,6.03,1.87,14.87,20.92,68.39,35,7,11,6,0
2026-01-11 08:00:00,BLDG_B,13.3,53.21,6.37,3.69,26.46,23.52,65.79,80,8,11,6,0
2026-01-11 08:15:00,BLDG_A,12.7,50.78,6.06,3.87,29.14,23.43,64.48,96,8,11,6,0
2026-01-11 08:30:00,BLDG_A,12.2,48.79,6.14,3.87,16.7,23.48,63.34,41,8,11,6,0
2026-01-11 08:45:00,BLDG_B,12.93,51.74,6.64,3.64,21.76,24.76,63.57,79,8,11,6,0
2026-01-11 09:00:00,BLDG_A,14.42,57.69,7.58,3.68,26.41,27.66,55.93,93,9,11,6,1
2026-01-11 09:15:00,BLDG_C,14.1,56.41,7.31,3.69,27.52,26.66,54.87,90,9,11,6,1
2026-01-11 09:30:00,BLDG_C,13.41,53.65,7.04,3.33,22.66,25.58,58.65,82,9,11,6,1
2026-01-11 09:45:00,BLDG_C,14.51,58.06,7.64,3.86,20.25,27.3,54.31,61,9,11,6,1
